[{"model": "contenttypes.contenttype", "pk": 1, "fields": {"app_label": "admin", "model": "logentry"}}, {"model": "contenttypes.contenttype", "pk": 2, "fields": {"app_label": "auth", "model": "permission"}}, {"model": "contenttypes.contenttype", "pk": 3, "fields": {"app_label": "auth", "model": "group"}}, {"model": "contenttypes.contenttype", "pk": 4, "fields": {"app_label": "auth", "model": "user"}}, {"model": "contenttypes.contenttype", "pk": 5, "fields": {"app_label": "contenttypes", "model": "contenttype"}}, {"model": "contenttypes.contenttype", "pk": 6, "fields": {"app_label": "sessions", "model": "session"}}, {"model": "contenttypes.contenttype", "pk": 7, "fields": {"app_label": "xadmin", "model": "bookmark"}}, {"model": "contenttypes.contenttype", "pk": 8, "fields": {"app_label": "xadmin", "model": "usersettings"}}, {"model": "contenttypes.contenttype", "pk": 9, "fields": {"app_label": "xadmin", "model": "userwidget"}}, {"model": "contenttypes.contenttype", "pk": 10, "fields": {"app_label": "xadmin", "model": "log"}}, {"model": "contenttypes.contenttype", "pk": 11, "fields": {"app_label": "user", "model": "teacher"}}, {"model": "contenttypes.contenttype", "pk": 12, "fields": {"app_label": "user", "model": "student"}}, {"model": "contenttypes.contenttype", "pk": 13, "fields": {"app_label": "exam", "model": "exam"}}, {"model": "contenttypes.contenttype", "pk": 14, "fields": {"app_label": "exam", "model": "paper"}}, {"model": "contenttypes.contenttype", "pk": 15, "fields": {"app_label": "exam", "model": "grade"}}, {"model": "contenttypes.contenttype", "pk": 16, "fields": {"app_label": "question", "model": "choice"}}, {"model": "contenttypes.contenttype", "pk": 17, "fields": {"app_label": "question", "model": "fill"}}, {"model": "contenttypes.contenttype", "pk": 18, "fields": {"app_label": "question", "model": "judge"}}, {"model": "contenttypes.contenttype", "pk": 19, "fields": {"app_label": "question", "model": "program"}}, {"model": "contenttypes.contenttype", "pk": 20, "fields": {"app_label": "exam", "model": "practice"}}, {"model": "contenttypes.contenttype", "pk": 21, "fields": {"app_label": "exam", "model": "recode"}}, {"model": "contenttypes.contenttype", "pk": 22, "fields": {"app_label": "record", "model": "programrecord"}}, {"model": "contenttypes.contenttype", "pk": 23, "fields": {"app_label": "record", "model": "choicerecord"}}, {"model": "contenttypes.contenttype", "pk": 24, "fields": {"app_label": "record", "model": "fillrecord"}}, {"model": "contenttypes.contenttype", "pk": 25, "fields": {"app_label": "record", "model": "judgerecord"}}, {"model": "contenttypes.contenttype", "pk": 26, "fields": {"app_label": "exam", "model": "clazz"}}, {"model": "contenttypes.contenttype", "pk": 27, "fields": {"app_label": "user", "model": "clazz"}}, {"model": "sessions.session", "pk": "0yas7k2r85h7kugdep8rg84i0ql8ie35", "fields": {"session_data": "ZjAyZmZhM2RjYWJhOWQ4OTVjNjhjNGQ4MjNiODZlMTMyMWI5YzBjZjp7Il9hdXRoX3VzZXJfaWQiOiIxIiwiX2F1dGhfdXNlcl9iYWNrZW5kIjoiZGphbmdvLmNvbnRyaWIuYXV0aC5iYWNrZW5kcy5Nb2RlbEJhY2tlbmQiLCJfYXV0aF91c2VyX2hhc2giOiJiNjMyMWM1NzllMmM0NmIyYTU2M2Y2MTUzYzJlNWExOTQzYWU1NTg4IiwiTElTVF9RVUVSWSI6W1siZXhhbSIsImV4YW0iXSwiIl19", "expire_date": "2020-05-02T12:15:36.334Z"}}, {"model": "sessions.session", "pk": "1phrj863b7uk1svqd8n9rn8338qkszpe", "fields": {"session_data": "ZWIzZTRjNmZhYzYwYTIxZGNjZGZjNmVlOWMzMzUwMzZiNjgwODU4NTp7Il9hdXRoX3VzZXJfaWQiOiIxIiwiX2F1dGhfdXNlcl9iYWNrZW5kIjoiZGphbmdvLmNvbnRyaWIuYXV0aC5iYWNrZW5kcy5Nb2RlbEJhY2tlbmQiLCJfYXV0aF91c2VyX2hhc2giOiJiNjMyMWM1NzllMmM0NmIyYTU2M2Y2MTUzYzJlNWExOTQzYWU1NTg4IiwiTElTVF9RVUVSWSI6W1siZXhhbSIsImdyYWRlIl0sIiJdfQ==", "expire_date": "2020-04-03T13:56:22.691Z"}}, {"model": "sessions.session", "pk": "2snns7rcisori879y6j03oythc2fs2a7", "fields": {"session_data": "YjQ3NjdhMjlhZTgxYTgzMjM2Y2JiMWY0OTZhMTg5MjZmNGVkYWIzOTp7Il9hdXRoX3VzZXJfaWQiOiIxIiwiX2F1dGhfdXNlcl9iYWNrZW5kIjoiZGphbmdvLmNvbnRyaWIuYXV0aC5iYWNrZW5kcy5Nb2RlbEJhY2tlbmQiLCJfYXV0aF91c2VyX2hhc2giOiJiNjMyMWM1NzllMmM0NmIyYTU2M2Y2MTUzYzJlNWExOTQzYWU1NTg4IiwiTElTVF9RVUVSWSI6W1sicXVlc3Rpb24iLCJmaWxsIl0sIiJdfQ==", "expire_date": "2020-05-07T14:32:45.357Z"}}, {"model": "sessions.session", "pk": "3jc38e8e73qi3twqflbp914o5g22ccvg", "fields": {"session_data": "ZjRkN2Q4YzIzYjBhODQwOTlkZDRkMGUyNjQ1YzY2ODFmNWE1ZDA0Yjp7Il9hdXRoX3VzZXJfaWQiOiIxIiwiX2F1dGhfdXNlcl9iYWNrZW5kIjoiZGphbmdvLmNvbnRyaWIuYXV0aC5iYWNrZW5kcy5Nb2RlbEJhY2tlbmQiLCJfYXV0aF91c2VyX2hhc2giOiJiNjMyMWM1NzllMmM0NmIyYTU2M2Y2MTUzYzJlNWExOTQzYWU1NTg4IiwiTElTVF9RVUVSWSI6W1sieGFkbWluIiwibG9nIl0sIiJdfQ==", "expire_date": "2020-05-04T12:21:55.897Z"}}, {"model": "sessions.session", "pk": "3udlu0o57sc3kbw3e2rmaaaqe6cw4i0l", "fields": {"session_data": "NWM5ZGJiM2Y0N2U2NzdjNjI0ZTMxYzg5ZjkwZjhkNTVlZTYyNDNmZjp7Il9hdXRoX3VzZXJfaWQiOiIxIiwiX2F1dGhfdXNlcl9iYWNrZW5kIjoiZGphbmdvLmNvbnRyaWIuYXV0aC5iYWNrZW5kcy5Nb2RlbEJhY2tlbmQiLCJfYXV0aF91c2VyX2hhc2giOiJiNjMyMWM1NzllMmM0NmIyYTU2M2Y2MTUzYzJlNWExOTQzYWU1NTg4IiwiTElTVF9RVUVSWSI6W1sidXNlciIsInN0dWRlbnQiXSwiX2RvXz1leHBvcnQmZXhwb3J0X3R5cGU9eGxzJmV4cG9ydF94bHNfaGVhZGVyPW9uIl19", "expire_date": "2020-06-19T04:19:07.838Z"}}, {"model": "sessions.session", "pk": "3z0d5k8hx2160vuu2n21bqu4vxmd2ujq", "fields": {"session_data": "MTU4YTdlYjQxNDI5ZGE0MDI2M2EwODIzZjI0N2IwOTVkZmZjNTY5OTp7Il9hdXRoX3VzZXJfaWQiOiIxIiwiX2F1dGhfdXNlcl9iYWNrZW5kIjoiZGphbmdvLmNvbnRyaWIuYXV0aC5iYWNrZW5kcy5Nb2RlbEJhY2tlbmQiLCJfYXV0aF91c2VyX2hhc2giOiJiNjMyMWM1NzllMmM0NmIyYTU2M2Y2MTUzYzJlNWExOTQzYWU1NTg4IiwiTElTVF9RVUVSWSI6W1sicXVlc3Rpb24iLCJwcm9ncmFtIl0sIiJdfQ==", "expire_date": "2020-07-04T01:39:16.405Z"}}, {"model": "sessions.session", "pk": "4jtky5bcxpc7y5u86pr1q6sn2bivqivy", "fields": {"session_data": "Y2RlNDBkMTBmMzQ2ZmRkNGU3ZWIyMmE1NjQyNWU1MGYxOGEyYmYwOTp7Il9hdXRoX3VzZXJfaWQiOiIxIiwiX2F1dGhfdXNlcl9iYWNrZW5kIjoiZGphbmdvLmNvbnRyaWIuYXV0aC5iYWNrZW5kcy5Nb2RlbEJhY2tlbmQiLCJfYXV0aF91c2VyX2hhc2giOiJiNjMyMWM1NzllMmM0NmIyYTU2M2Y2MTUzYzJlNWExOTQzYWU1NTg4IiwiTElTVF9RVUVSWSI6W1sicXVlc3Rpb24iLCJjaG9pY2UiXSwiIl19", "expire_date": "2020-07-04T07:32:54.612Z"}}, {"model": "sessions.session", "pk": "4uz92ke77gpopc6kw2uuzlkhxeerwhwe", "fields": {"session_data": "MGEyMTBkZGYxNTE5YTgxN2E1NWM5YzA3NGZjYmRjN2RjZmE2ZTgwZjp7Il9hdXRoX3VzZXJfaWQiOiIxIiwiX2F1dGhfdXNlcl9iYWNrZW5kIjoiZGphbmdvLmNvbnRyaWIuYXV0aC5iYWNrZW5kcy5Nb2RlbEJhY2tlbmQiLCJfYXV0aF91c2VyX2hhc2giOiJiNjMyMWM1NzllMmM0NmIyYTU2M2Y2MTUzYzJlNWExOTQzYWU1NTg4IiwiTElTVF9RVUVSWSI6W1sicXVlc3Rpb24iLCJwcm9ncmFtIl0sIiJdLCJ3aXphcmRfeGFkbWludXNlcndpZGdldF9hZG1pbl93aXphcmRfZm9ybV9wbHVnaW4iOnsic3RlcCI6IldpZGdldFx1N2M3Ylx1NTc4YiIsInN0ZXBfZGF0YSI6e30sInN0ZXBfZmlsZXMiOnt9LCJleHRyYV9kYXRhIjp7fX19", "expire_date": "2020-03-29T09:28:22.410Z"}}, {"model": "sessions.session", "pk": "6lk34cjtttu9vtxc26lvp9k5ult91rdt", "fields": {"session_data": "ZjAyZmZhM2RjYWJhOWQ4OTVjNjhjNGQ4MjNiODZlMTMyMWI5YzBjZjp7Il9hdXRoX3VzZXJfaWQiOiIxIiwiX2F1dGhfdXNlcl9iYWNrZW5kIjoiZGphbmdvLmNvbnRyaWIuYXV0aC5iYWNrZW5kcy5Nb2RlbEJhY2tlbmQiLCJfYXV0aF91c2VyX2hhc2giOiJiNjMyMWM1NzllMmM0NmIyYTU2M2Y2MTUzYzJlNWExOTQzYWU1NTg4IiwiTElTVF9RVUVSWSI6W1siZXhhbSIsImV4YW0iXSwiIl19", "expire_date": "2020-06-27T08:57:25.955Z"}}, {"model": "sessions.session", "pk": "7ws5y2qm5b8hi84eio4u6xnwu9is5417", "fields": {"session_data": "Y2RlNDBkMTBmMzQ2ZmRkNGU3ZWIyMmE1NjQyNWU1MGYxOGEyYmYwOTp7Il9hdXRoX3VzZXJfaWQiOiIxIiwiX2F1dGhfdXNlcl9iYWNrZW5kIjoiZGphbmdvLmNvbnRyaWIuYXV0aC5iYWNrZW5kcy5Nb2RlbEJhY2tlbmQiLCJfYXV0aF91c2VyX2hhc2giOiJiNjMyMWM1NzllMmM0NmIyYTU2M2Y2MTUzYzJlNWExOTQzYWU1NTg4IiwiTElTVF9RVUVSWSI6W1sicXVlc3Rpb24iLCJjaG9pY2UiXSwiIl19", "expire_date": "2020-05-24T15:23:17.001Z"}}, {"model": "sessions.session", "pk": "8wiq3kq3mpwu6q5ydgxk8756fbr2nhni", "fields": {"session_data": "NDM3NDk2YjQzODc5ZTJmYWE2NjVhOTdmNGVhZjMzYjBhNmMzZTE2YTp7Il9hdXRoX3VzZXJfaWQiOiIxNiIsIl9hdXRoX3VzZXJfYmFja2VuZCI6ImRqYW5nby5jb250cmliLmF1dGguYmFja2VuZHMuTW9kZWxCYWNrZW5kIiwiX2F1dGhfdXNlcl9oYXNoIjoiZTAzZDY3MTllYjM4NzVlNzc4MTVjZGJkMTkzYjYwZWRhMTFmYjU2NyIsIkxJU1RfUVVFUlkiOltbInF1ZXN0aW9uIiwiY2hvaWNlIl0sIiJdfQ==", "expire_date": "2023-02-18T14:16:21.644Z"}}, {"model": "sessions.session", "pk": "8z22y4itb2ttvq4033umi8jpqs6j9p8e", "fields": {"session_data": "MTU4YTdlYjQxNDI5ZGE0MDI2M2EwODIzZjI0N2IwOTVkZmZjNTY5OTp7Il9hdXRoX3VzZXJfaWQiOiIxIiwiX2F1dGhfdXNlcl9iYWNrZW5kIjoiZGphbmdvLmNvbnRyaWIuYXV0aC5iYWNrZW5kcy5Nb2RlbEJhY2tlbmQiLCJfYXV0aF91c2VyX2hhc2giOiJiNjMyMWM1NzllMmM0NmIyYTU2M2Y2MTUzYzJlNWExOTQzYWU1NTg4IiwiTElTVF9RVUVSWSI6W1sicXVlc3Rpb24iLCJwcm9ncmFtIl0sIiJdfQ==", "expire_date": "2020-04-03T12:33:55.962Z"}}, {"model": "sessions.session", "pk": "aak9urvb567f9j0u4yaaum7sp5hzf0ga", "fields": {"session_data": "MTU4YTdlYjQxNDI5ZGE0MDI2M2EwODIzZjI0N2IwOTVkZmZjNTY5OTp7Il9hdXRoX3VzZXJfaWQiOiIxIiwiX2F1dGhfdXNlcl9iYWNrZW5kIjoiZGphbmdvLmNvbnRyaWIuYXV0aC5iYWNrZW5kcy5Nb2RlbEJhY2tlbmQiLCJfYXV0aF91c2VyX2hhc2giOiJiNjMyMWM1NzllMmM0NmIyYTU2M2Y2MTUzYzJlNWExOTQzYWU1NTg4IiwiTElTVF9RVUVSWSI6W1sicXVlc3Rpb24iLCJwcm9ncmFtIl0sIiJdfQ==", "expire_date": "2020-06-25T03:11:30.702Z"}}, {"model": "sessions.session", "pk": "c44388e4afeg4ag5nbe4sg9km15pbear", "fields": {"session_data": "MjM0ZjFhMjA3YjQ2N2IxY2MwNDFiMDQxN2FiNGE5YjcyNzdhYjU4OTp7Il9hdXRoX3VzZXJfaWQiOiIzIiwiX2F1dGhfdXNlcl9iYWNrZW5kIjoiZGphbmdvLmNvbnRyaWIuYXV0aC5iYWNrZW5kcy5Nb2RlbEJhY2tlbmQiLCJfYXV0aF91c2VyX2hhc2giOiI3NTc0ODE2MzA4NmZlNWU0MDFjYjQ4MTk5ODU1NjVhZDEyM2RmMTdlIiwiTElTVF9RVUVSWSI6W1siZXhhbSIsImV4YW0iXSwiIl19", "expire_date": "2020-07-04T06:25:57.501Z"}}, {"model": "sessions.session", "pk": "cdvj0fb0pctape3pyi2nphawn7iq2yw2", "fields": {"session_data": "YWQ4NTFmYWQ5ZWM2MjJkNTkzMjEyM2U5MGM3ODkzNTBkNjg0OTEzMDp7Il9hdXRoX3VzZXJfaWQiOiIxIiwiX2F1dGhfdXNlcl9iYWNrZW5kIjoiZGphbmdvLmNvbnRyaWIuYXV0aC5iYWNrZW5kcy5Nb2RlbEJhY2tlbmQiLCJfYXV0aF91c2VyX2hhc2giOiJiNjMyMWM1NzllMmM0NmIyYTU2M2Y2MTUzYzJlNWExOTQzYWU1NTg4IiwiTElTVF9RVUVSWSI6W1siYXV0aCIsInVzZXIiXSwiIl19", "expire_date": "2020-06-25T06:35:04.980Z"}}, {"model": "sessions.session", "pk": "d12e9ym3opq4eyhnqdkwua4elyvz740f", "fields": {"session_data": "MTU4YTdlYjQxNDI5ZGE0MDI2M2EwODIzZjI0N2IwOTVkZmZjNTY5OTp7Il9hdXRoX3VzZXJfaWQiOiIxIiwiX2F1dGhfdXNlcl9iYWNrZW5kIjoiZGphbmdvLmNvbnRyaWIuYXV0aC5iYWNrZW5kcy5Nb2RlbEJhY2tlbmQiLCJfYXV0aF91c2VyX2hhc2giOiJiNjMyMWM1NzllMmM0NmIyYTU2M2Y2MTUzYzJlNWExOTQzYWU1NTg4IiwiTElTVF9RVUVSWSI6W1sicXVlc3Rpb24iLCJwcm9ncmFtIl0sIiJdfQ==", "expire_date": "2020-07-04T02:30:00.985Z"}}, {"model": "sessions.session", "pk": "dca2whaszob2mrinh37knklcwdc82yth", "fields": {"session_data": "MTU4YTdlYjQxNDI5ZGE0MDI2M2EwODIzZjI0N2IwOTVkZmZjNTY5OTp7Il9hdXRoX3VzZXJfaWQiOiIxIiwiX2F1dGhfdXNlcl9iYWNrZW5kIjoiZGphbmdvLmNvbnRyaWIuYXV0aC5iYWNrZW5kcy5Nb2RlbEJhY2tlbmQiLCJfYXV0aF91c2VyX2hhc2giOiJiNjMyMWM1NzllMmM0NmIyYTU2M2Y2MTUzYzJlNWExOTQzYWU1NTg4IiwiTElTVF9RVUVSWSI6W1sicXVlc3Rpb24iLCJwcm9ncmFtIl0sIiJdfQ==", "expire_date": "2020-04-25T15:26:19.205Z"}}, {"model": "sessions.session", "pk": "dmgwtioaub0a8dxbw3u55p7a5yps6y58", "fields": {"session_data": "ZTMyN2FjZWFlNzU4ZDIwY2YwNWQzOTZiMzAyY2RjZjMzY2FjYzA2ZDp7Il9hdXRoX3VzZXJfaWQiOiIxIiwiX2F1dGhfdXNlcl9iYWNrZW5kIjoiZGphbmdvLmNvbnRyaWIuYXV0aC5iYWNrZW5kcy5Nb2RlbEJhY2tlbmQiLCJfYXV0aF91c2VyX2hhc2giOiJiNjMyMWM1NzllMmM0NmIyYTU2M2Y2MTUzYzJlNWExOTQzYWU1NTg4IiwiTElTVF9RVUVSWSI6W1siZXhhbSIsInBhcGVyIl0sIiJdfQ==", "expire_date": "2020-04-20T14:43:04.236Z"}}, {"model": "sessions.session", "pk": "fcniuor2sqnrrxwq6i45l53gnvpmhvw5", "fields": {"session_data": "ZTQ5Yzk4NmI4MTc3MGM1ZDMxNWFmMzE1MjRkM2UxOThmNTVhZTFkMDp7Il9hdXRoX3VzZXJfaWQiOiIzIiwiX2F1dGhfdXNlcl9iYWNrZW5kIjoiZGphbmdvLmNvbnRyaWIuYXV0aC5iYWNrZW5kcy5Nb2RlbEJhY2tlbmQiLCJfYXV0aF91c2VyX2hhc2giOiI3NTc0ODE2MzA4NmZlNWU0MDFjYjQ4MTk5ODU1NjVhZDEyM2RmMTdlIiwiTElTVF9RVUVSWSI6W1sicXVlc3Rpb24iLCJwcm9ncmFtIl0sIiJdfQ==", "expire_date": "2020-07-04T01:05:42.496Z"}}, {"model": "sessions.session", "pk": "fm79bmucfipj8r710hxao0p1z722zl7a", "fields": {"session_data": "YWQ4NTFmYWQ5ZWM2MjJkNTkzMjEyM2U5MGM3ODkzNTBkNjg0OTEzMDp7Il9hdXRoX3VzZXJfaWQiOiIxIiwiX2F1dGhfdXNlcl9iYWNrZW5kIjoiZGphbmdvLmNvbnRyaWIuYXV0aC5iYWNrZW5kcy5Nb2RlbEJhY2tlbmQiLCJfYXV0aF91c2VyX2hhc2giOiJiNjMyMWM1NzllMmM0NmIyYTU2M2Y2MTUzYzJlNWExOTQzYWU1NTg4IiwiTElTVF9RVUVSWSI6W1siYXV0aCIsInVzZXIiXSwiIl19", "expire_date": "2020-06-25T06:53:59.271Z"}}, {"model": "sessions.session", "pk": "fsrh9cg9m95hb7z1qs9rxfi164nbmg95", "fields": {"session_data": "Y2RlNDBkMTBmMzQ2ZmRkNGU3ZWIyMmE1NjQyNWU1MGYxOGEyYmYwOTp7Il9hdXRoX3VzZXJfaWQiOiIxIiwiX2F1dGhfdXNlcl9iYWNrZW5kIjoiZGphbmdvLmNvbnRyaWIuYXV0aC5iYWNrZW5kcy5Nb2RlbEJhY2tlbmQiLCJfYXV0aF91c2VyX2hhc2giOiJiNjMyMWM1NzllMmM0NmIyYTU2M2Y2MTUzYzJlNWExOTQzYWU1NTg4IiwiTElTVF9RVUVSWSI6W1sicXVlc3Rpb24iLCJjaG9pY2UiXSwiIl19", "expire_date": "2020-07-04T02:44:09.373Z"}}, {"model": "sessions.session", "pk": "gtx5acoojd4vzj3aeqcqocaa33cvkbbu", "fields": {"session_data": "ZGJhNjk2OTRjMjMxNGU4YmI5NmY0ZjIzNjQwZDhlZThmYzIyODM0ZTp7Il9hdXRoX3VzZXJfaWQiOiIxIiwiX2F1dGhfdXNlcl9iYWNrZW5kIjoiZGphbmdvLmNvbnRyaWIuYXV0aC5iYWNrZW5kcy5Nb2RlbEJhY2tlbmQiLCJfYXV0aF91c2VyX2hhc2giOiJiNjMyMWM1NzllMmM0NmIyYTU2M2Y2MTUzYzJlNWExOTQzYWU1NTg4IiwiTElTVF9RVUVSWSI6W1sicXVlc3Rpb24iLCJjaG9pY2UiXSwicD0wIl19", "expire_date": "2020-05-30T05:53:50.775Z"}}, {"model": "sessions.session", "pk": "hyxy6gmrghu2rxkzxltg4zpesblbo05f", "fields": {"session_data": "MTU4YTdlYjQxNDI5ZGE0MDI2M2EwODIzZjI0N2IwOTVkZmZjNTY5OTp7Il9hdXRoX3VzZXJfaWQiOiIxIiwiX2F1dGhfdXNlcl9iYWNrZW5kIjoiZGphbmdvLmNvbnRyaWIuYXV0aC5iYWNrZW5kcy5Nb2RlbEJhY2tlbmQiLCJfYXV0aF91c2VyX2hhc2giOiJiNjMyMWM1NzllMmM0NmIyYTU2M2Y2MTUzYzJlNWExOTQzYWU1NTg4IiwiTElTVF9RVUVSWSI6W1sicXVlc3Rpb24iLCJwcm9ncmFtIl0sIiJdfQ==", "expire_date": "2020-07-04T01:49:22.241Z"}}, {"model": "sessions.session", "pk": "j6rje7h14bkznmz2obwjotsv5tf28gsc", "fields": {"session_data": "NDc3OGFiYjFhMTEzNjVjNGJiYTAxMGVjODNkMzAzNzU5ZTE5YmYyZTp7Il9hdXRoX3VzZXJfaWQiOiIxIiwiX2F1dGhfdXNlcl9iYWNrZW5kIjoiZGphbmdvLmNvbnRyaWIuYXV0aC5iYWNrZW5kcy5Nb2RlbEJhY2tlbmQiLCJfYXV0aF91c2VyX2hhc2giOiJiNjMyMWM1NzllMmM0NmIyYTU2M2Y2MTUzYzJlNWExOTQzYWU1NTg4IiwiTElTVF9RVUVSWSI6W1sicXVlc3Rpb24iLCJwcm9ncmFtIl0sIl9kb189ZXhwb3J0JmV4cG9ydF90eXBlPXhscyZleHBvcnRfeGxzX2hlYWRlcj1vbiZhbGw9b24iXX0=", "expire_date": "2020-05-06T15:43:57.099Z"}}, {"model": "sessions.session", "pk": "luk8scuxkqxdqx6l98wmf9mcqjav352y", "fields": {"session_data": "Y2RlNDBkMTBmMzQ2ZmRkNGU3ZWIyMmE1NjQyNWU1MGYxOGEyYmYwOTp7Il9hdXRoX3VzZXJfaWQiOiIxIiwiX2F1dGhfdXNlcl9iYWNrZW5kIjoiZGphbmdvLmNvbnRyaWIuYXV0aC5iYWNrZW5kcy5Nb2RlbEJhY2tlbmQiLCJfYXV0aF91c2VyX2hhc2giOiJiNjMyMWM1NzllMmM0NmIyYTU2M2Y2MTUzYzJlNWExOTQzYWU1NTg4IiwiTElTVF9RVUVSWSI6W1sicXVlc3Rpb24iLCJjaG9pY2UiXSwiIl19", "expire_date": "2020-07-04T07:41:41.129Z"}}, {"model": "sessions.session", "pk": "lztjot1kknwpu89h4gv09vehe01np830", "fields": {"session_data": "MWUxZmIzNjZhNTJjMGQ1MDMyNjcxZDMyYWQ4OGY0ZjAzZGQ0NzQ5ODp7Il9hdXRoX3VzZXJfaWQiOiIxIiwiX2F1dGhfdXNlcl9iYWNrZW5kIjoiZGphbmdvLmNvbnRyaWIuYXV0aC5iYWNrZW5kcy5Nb2RlbEJhY2tlbmQiLCJfYXV0aF91c2VyX2hhc2giOiJiNjMyMWM1NzllMmM0NmIyYTU2M2Y2MTUzYzJlNWExOTQzYWU1NTg4IiwiTElTVF9RVUVSWSI6W1sidXNlciIsInN0dWRlbnQiXSwiIl19", "expire_date": "2020-05-04T11:17:44.960Z"}}, {"model": "sessions.session", "pk": "n93gbt2iqy4jufkqiw6osph19heeska7", "fields": {"session_data": "NGQ0NjdiZWQzNDk0MGFhMzVjZGFlYzhjNmMwZDRkOTk4NTQ2ZjgwZDp7Il9hdXRoX3VzZXJfaWQiOiIzIiwiX2F1dGhfdXNlcl9iYWNrZW5kIjoiZGphbmdvLmNvbnRyaWIuYXV0aC5iYWNrZW5kcy5Nb2RlbEJhY2tlbmQiLCJfYXV0aF91c2VyX2hhc2giOiI3NTc0ODE2MzA4NmZlNWU0MDFjYjQ4MTk5ODU1NjVhZDEyM2RmMTdlIiwiTElTVF9RVUVSWSI6W1siZXhhbSIsInBhcGVyIl0sIiJdfQ==", "expire_date": "2020-06-25T05:06:06.635Z"}}, {"model": "sessions.session", "pk": "phdo662ff2pbsep1o0hq89314frv8sqk", "fields": {"session_data": "ZWIzZTRjNmZhYzYwYTIxZGNjZGZjNmVlOWMzMzUwMzZiNjgwODU4NTp7Il9hdXRoX3VzZXJfaWQiOiIxIiwiX2F1dGhfdXNlcl9iYWNrZW5kIjoiZGphbmdvLmNvbnRyaWIuYXV0aC5iYWNrZW5kcy5Nb2RlbEJhY2tlbmQiLCJfYXV0aF91c2VyX2hhc2giOiJiNjMyMWM1NzllMmM0NmIyYTU2M2Y2MTUzYzJlNWExOTQzYWU1NTg4IiwiTElTVF9RVUVSWSI6W1siZXhhbSIsImdyYWRlIl0sIiJdfQ==", "expire_date": "2020-07-04T05:53:58.372Z"}}, {"model": "sessions.session", "pk": "r99h8mmc993qtmpaj50zjr0sv6ye4spt", "fields": {"session_data": "YWQ4NTFmYWQ5ZWM2MjJkNTkzMjEyM2U5MGM3ODkzNTBkNjg0OTEzMDp7Il9hdXRoX3VzZXJfaWQiOiIxIiwiX2F1dGhfdXNlcl9iYWNrZW5kIjoiZGphbmdvLmNvbnRyaWIuYXV0aC5iYWNrZW5kcy5Nb2RlbEJhY2tlbmQiLCJfYXV0aF91c2VyX2hhc2giOiJiNjMyMWM1NzllMmM0NmIyYTU2M2Y2MTUzYzJlNWExOTQzYWU1NTg4IiwiTElTVF9RVUVSWSI6W1siYXV0aCIsInVzZXIiXSwiIl19", "expire_date": "2020-07-04T01:41:06.632Z"}}, {"model": "sessions.session", "pk": "t6o5yt3ujk4i7d3hjfmjwap547syse9j", "fields": {"session_data": "ZWIzZTRjNmZhYzYwYTIxZGNjZGZjNmVlOWMzMzUwMzZiNjgwODU4NTp7Il9hdXRoX3VzZXJfaWQiOiIxIiwiX2F1dGhfdXNlcl9iYWNrZW5kIjoiZGphbmdvLmNvbnRyaWIuYXV0aC5iYWNrZW5kcy5Nb2RlbEJhY2tlbmQiLCJfYXV0aF91c2VyX2hhc2giOiJiNjMyMWM1NzllMmM0NmIyYTU2M2Y2MTUzYzJlNWExOTQzYWU1NTg4IiwiTElTVF9RVUVSWSI6W1siZXhhbSIsImdyYWRlIl0sIiJdfQ==", "expire_date": "2020-05-09T13:47:32.384Z"}}, {"model": "sessions.session", "pk": "ttg493kkawbpurja963d54ady0gmo4xb", "fields": {"session_data": "ZTFhM2E1YTUyOTk3MTRkNTkyNGY4ZmNjYzI2MjMyZGVhYTAzYWVkNjp7Il9hdXRoX3VzZXJfaWQiOiIzIiwiX2F1dGhfdXNlcl9iYWNrZW5kIjoiZGphbmdvLmNvbnRyaWIuYXV0aC5iYWNrZW5kcy5Nb2RlbEJhY2tlbmQiLCJfYXV0aF91c2VyX2hhc2giOiI3NTc0ODE2MzA4NmZlNWU0MDFjYjQ4MTk5ODU1NjVhZDEyM2RmMTdlIiwiTElTVF9RVUVSWSI6W1sidXNlciIsInN0dWRlbnQiXSwiIl19", "expire_date": "2020-07-04T00:44:20.135Z"}}, {"model": "sessions.session", "pk": "voc4q5cebpar7szio3emyvft4waxc1lp", "fields": {"session_data": "ZWIzZTRjNmZhYzYwYTIxZGNjZGZjNmVlOWMzMzUwMzZiNjgwODU4NTp7Il9hdXRoX3VzZXJfaWQiOiIxIiwiX2F1dGhfdXNlcl9iYWNrZW5kIjoiZGphbmdvLmNvbnRyaWIuYXV0aC5iYWNrZW5kcy5Nb2RlbEJhY2tlbmQiLCJfYXV0aF91c2VyX2hhc2giOiJiNjMyMWM1NzllMmM0NmIyYTU2M2Y2MTUzYzJlNWExOTQzYWU1NTg4IiwiTElTVF9RVUVSWSI6W1siZXhhbSIsImdyYWRlIl0sIiJdfQ==", "expire_date": "2020-07-04T05:33:31.611Z"}}, {"model": "sessions.session", "pk": "wefhsc1xx7jeqk1h8rq9em2a1hdr59fp", "fields": {"session_data": "MTU4YTdlYjQxNDI5ZGE0MDI2M2EwODIzZjI0N2IwOTVkZmZjNTY5OTp7Il9hdXRoX3VzZXJfaWQiOiIxIiwiX2F1dGhfdXNlcl9iYWNrZW5kIjoiZGphbmdvLmNvbnRyaWIuYXV0aC5iYWNrZW5kcy5Nb2RlbEJhY2tlbmQiLCJfYXV0aF91c2VyX2hhc2giOiJiNjMyMWM1NzllMmM0NmIyYTU2M2Y2MTUzYzJlNWExOTQzYWU1NTg4IiwiTElTVF9RVUVSWSI6W1sicXVlc3Rpb24iLCJwcm9ncmFtIl0sIiJdfQ==", "expire_date": "2020-07-04T01:34:25.205Z"}}, {"model": "user.clazz", "pk": 1, "fields": {"year": "2016", "major": "\u8ba1\u7b97\u673a\u79d1\u5b66\u4e0e\u6280\u672f", "clazz": "01"}}, {"model": "user.clazz", "pk": 2, "fields": {"year": "2016", "major": "\u8ba1\u7b97\u673a\u79d1\u5b66\u4e0e\u6280\u672f", "clazz": "02"}}, {"model": "user.clazz", "pk": 3, "fields": {"year": "2016", "major": "\u8ba1\u7b97\u673a\u79d1\u5b66\u4e0e\u6280\u672f", "clazz": "03"}}, {"model": "user.clazz", "pk": 4, "fields": {"year": "2016", "major": "\u8ba1\u7b97\u673a\u79d1\u5b66\u4e0e\u6280\u672f", "clazz": "04"}}, {"model": "exam.paper", "pk": 1, "fields": {"name": "2020\u4e0b\u5b66\u671fPython\u671f\u672b\u8bd5\u5377", "score": 100, "choice_number": 10, "fill_number": 10, "judge_number": 10, "program_number": 5, "level": "1"}}, {"model": "exam.paper", "pk": 2, "fields": {"name": "2019\u4e0b\u5b66\u671fPython\u671f\u672b\u8bd5\u5377", "score": 100, "choice_number": 10, "fill_number": 10, "judge_number": 10, "program_number": 5, "level": "1"}}, {"model": "exam.paper", "pk": 3, "fields": {"name": "2020\u4e0a\u5b66\u671fPython\u671f\u672b\u8003\u8bd5", "score": 100, "choice_number": 10, "fill_number": 10, "judge_number": 10, "program_number": 5, "level": "1"}}, {"model": "exam.paper", "pk": 4, "fields": {"name": "2019\u4e0a\u5b66\u671fPython\u8003\u8bd5\u8bd5\u5377", "score": 92, "choice_number": 10, "fill_number": 10, "judge_number": 10, "program_number": 4, "level": "1"}}, {"model": "exam.exam", "pk": 1, "fields": {"name": "2020\u4e0b\u5b66\u671fPython\u8003\u8bd5", "exam_date": "2020-03-03", "total_time": 120, "paper": 1, "major": "\u8ba1\u7b97\u673a\u79d1\u5b66\u4e0e\u6280\u672f", "tips": "\u8bda\u4fe1\u8003\u8bd5\uff0c\u7981\u6b62\u4f5c\u5f0a\uff01", "clazzs": [1, 2, 3, 4]}}, {"model": "exam.exam", "pk": 2, "fields": {"name": "2019\u4e0b\u5b66\u671fPython\u8003\u8bd5", "exam_date": "2020-03-04", "total_time": 120, "paper": 2, "major": "\u8ba1\u7b97\u673a\u79d1\u5b66\u4e0e\u6280\u672f", "tips": "\u8bda\u4fe1\u8003\u8bd5\uff0c\u7981\u6b62\u821e\u5f0a\uff01", "clazzs": [1, 2]}}, {"model": "exam.exam", "pk": 3, "fields": {"name": "2020\u4e0a\u5b66\u671fPython\u8003\u8bd5", "exam_date": "2020-03-08", "total_time": 120, "paper": 3, "major": "\u8ba1\u7b97\u673a\u79d1\u5b66\u4e0e\u6280\u672f", "tips": "\u8bda\u4fe1\u8003\u8bd5\uff0c\u7981\u6b62\u4f5c\u5f0a\uff01", "clazzs": [1, 2, 3, 4]}}, {"model": "exam.exam", "pk": 4, "fields": {"name": "2019\u4e0a\u5b66\u671fPython\u8003\u8bd5", "exam_date": "2020-04-06", "total_time": 120, "paper": 4, "major": "\u8ba1\u7b97\u673a\u79d1\u5b66\u4e0e\u6280\u672f", "tips": "\u7981\u6b62\u4f5c\u5f0a\uff01", "clazzs": [1, 2, 3]}}, {"model": "exam.grade", "pk": 1, "fields": {"exam": 1, "student": 1, "score": 100, "create_time": "2020-03-03T08:08:15.175Z", "update_time": "2020-03-03T08:08:15.175Z"}}, {"model": "exam.grade", "pk": 2, "fields": {"exam": 1, "student": 2, "score": 96, "create_time": "2020-03-03T09:18:40.768Z", "update_time": "2020-03-03T10:20:16.756Z"}}, {"model": "exam.grade", "pk": 3, "fields": {"exam": 1, "student": 1, "score": 55, "create_time": "2020-03-03T09:57:36.960Z", "update_time": "2020-03-05T07:57:51.636Z"}}, {"model": "exam.grade", "pk": 4, "fields": {"exam": 1, "student": 1, "score": 98, "create_time": "2020-03-03T09:57:52.754Z", "update_time": "2020-03-03T10:20:23.203Z"}}, {"model": "exam.grade", "pk": 5, "fields": {"exam": 1, "student": 1, "score": 97, "create_time": "2020-03-03T09:58:30.685Z", "update_time": "2020-03-03T10:20:29.515Z"}}, {"model": "exam.grade", "pk": 6, "fields": {"exam": 1, "student": 1, "score": 2, "create_time": "2020-04-18T11:27:06.761Z", "update_time": "2020-04-18T11:27:06.761Z"}}, {"model": "exam.grade", "pk": 7, "fields": {"exam": 1, "student": 1, "score": 2, "create_time": "2020-04-18T12:01:42.031Z", "update_time": "2020-04-18T12:01:42.031Z"}}, {"model": "exam.grade", "pk": 8, "fields": {"exam": 1, "student": 1, "score": 2, "create_time": "2020-04-18T12:05:34.487Z", "update_time": "2020-04-18T12:05:34.487Z"}}, {"model": "exam.grade", "pk": 9, "fields": {"exam": 1, "student": 1, "score": 8, "create_time": "2020-04-18T12:06:08.331Z", "update_time": "2020-04-18T12:06:08.331Z"}}, {"model": "exam.grade", "pk": 10, "fields": {"exam": 1, "student": 1, "score": 8, "create_time": "2020-04-20T12:01:44.017Z", "update_time": "2020-04-20T12:01:44.017Z"}}, {"model": "exam.grade", "pk": 11, "fields": {"exam": 1, "student": 1, "score": 8, "create_time": "2020-06-20T01:09:28.541Z", "update_time": "2020-06-20T01:09:28.541Z"}}, {"model": "exam.grade", "pk": 12, "fields": {"exam": 1, "student": 1, "score": 2, "create_time": "2020-06-20T01:10:59.678Z", "update_time": "2020-06-20T01:10:59.678Z"}}, {"model": "exam.grade", "pk": 13, "fields": {"exam": 1, "student": 1, "score": 2, "create_time": "2020-06-20T01:11:31.096Z", "update_time": "2020-06-20T01:11:31.096Z"}}, {"model": "exam.grade", "pk": 14, "fields": {"exam": 1, "student": 1, "score": 8, "create_time": "2020-06-20T01:52:05.527Z", "update_time": "2020-06-20T01:52:05.527Z"}}, {"model": "exam.grade", "pk": 15, "fields": {"exam": 1, "student": 1, "score": 8, "create_time": "2020-06-20T01:54:46.016Z", "update_time": "2020-06-20T01:54:46.017Z"}}, {"model": "exam.grade", "pk": 16, "fields": {"exam": 1, "student": 1, "score": 8, "create_time": "2020-06-20T02:14:41.147Z", "update_time": "2020-06-20T02:14:41.147Z"}}, {"model": "exam.grade", "pk": 17, "fields": {"exam": 1, "student": 1, "score": 8, "create_time": "2020-06-20T02:21:53.735Z", "update_time": "2020-06-20T02:21:53.735Z"}}, {"model": "exam.grade", "pk": 18, "fields": {"exam": 1, "student": 1, "score": 8, "create_time": "2020-06-20T02:23:38.353Z", "update_time": "2020-06-20T02:23:38.353Z"}}, {"model": "exam.grade", "pk": 19, "fields": {"exam": 1, "student": 1, "score": 16, "create_time": "2020-06-20T02:27:46.326Z", "update_time": "2020-06-20T02:27:46.327Z"}}, {"model": "exam.grade", "pk": 20, "fields": {"exam": 1, "student": 12, "score": 14, "create_time": "2020-06-20T06:16:48.422Z", "update_time": "2020-06-20T06:16:48.422Z"}}, {"model": "exam.grade", "pk": 21, "fields": {"exam": 1, "student": 13, "score": 18, "create_time": "2023-02-04T07:51:14.896Z", "update_time": "2023-02-04T07:51:14.896Z"}}, {"model": "exam.practice", "pk": 43, "fields": {"name": "\u6a21\u62df\u7ec3\u4e60202004254478", "student": 1, "create_time": "2020-04-25T04:10:38.454Z"}}, {"model": "exam.practice", "pk": 44, "fields": {"name": "\u6a21\u62df\u7ec3\u4e60202004253815", "student": 1, "create_time": "2020-04-25T04:19:10.201Z"}}, {"model": "exam.practice", "pk": 45, "fields": {"name": "\u6a21\u62df\u7ec3\u4e60202004256253", "student": 1, "create_time": "2020-04-25T06:51:00.717Z"}}, {"model": "exam.practice", "pk": 46, "fields": {"name": "\u6a21\u62df\u7ec3\u4e60202004256984", "student": 1, "create_time": "2020-04-25T06:51:53.784Z"}}, {"model": "exam.practice", "pk": 47, "fields": {"name": "\u6a21\u62df\u7ec3\u4e60202004252835", "student": 1, "create_time": "2020-04-25T07:11:27.895Z"}}, {"model": "exam.practice", "pk": 48, "fields": {"name": "\u6a21\u62df\u7ec3\u4e60202004259737", "student": 1, "create_time": "2020-04-25T07:11:43.209Z"}}, {"model": "exam.practice", "pk": 49, "fields": {"name": "\u6a21\u62df\u7ec3\u4e60202004255887", "student": 1, "create_time": "2020-04-25T07:13:23.251Z"}}, {"model": "exam.practice", "pk": 50, "fields": {"name": "\u6a21\u62df\u7ec3\u4e60202004255336", "student": 1, "create_time": "2020-04-25T07:37:00.682Z"}}, {"model": "exam.practice", "pk": 51, "fields": {"name": "\u6a21\u62df\u7ec3\u4e60202004256938", "student": 1, "create_time": "2020-04-25T07:39:24.462Z"}}, {"model": "exam.practice", "pk": 52, "fields": {"name": "\u6a21\u62df\u7ec3\u4e60202004252462", "student": 1, "create_time": "2020-04-25T08:37:25.348Z"}}, {"model": "exam.practice", "pk": 53, "fields": {"name": "Simulation exercise202302047810", "student": 13, "create_time": "2023-02-04T07:51:37.545Z"}}, {"model": "exam.practice", "pk": 54, "fields": {"name": "Simulation exercise202302047668", "student": 13, "create_time": "2023-02-04T13:53:39.266Z"}}, {"model": "exam.practice", "pk": 55, "fields": {"name": "Simulation exercise202302042004", "student": 13, "create_time": "2023-02-04T13:53:59.176Z"}}, {"model": "exam.practice", "pk": 56, "fields": {"name": "Simulation exercise202302047040", "student": 13, "create_time": "2023-02-04T13:55:55.082Z"}}, {"model": "question.choice", "pk": 1, "fields": {"question": "\u4e0b\u5217\u54ea\u4e2a\u8bed\u53e5\u5728Python\u4e2d\u662f\u975e\u6cd5\u7684\uff1f", "answer_A": "x\u2002=\u2002y\u2002=\u2002z\u2002=\u20021", "answer_B": "x\u2002=\u2002(y\u2002=\u2002z\u2002+\u20021)", "answer_C": "x,\u2002y\u2002=\u2002y,\u2002x", "answer_D": "x\u2002\u2002+=\u2002\u2002y", "right_answer": "B", "analysis": "\u6682\u65e0", "score": 2, "level": "1"}}, {"model": "question.choice", "pk": 2, "fields": {"question": "\u5173\u4e8ePython\u5185\u5b58\u7ba1\u7406\uff0c\u4e0b\u5217\u8bf4\u6cd5\u9519\u8bef\u7684\u662f", "answer_A": "\u53d8\u91cf\u4e0d\u5fc5\u4e8b\u5148\u58f0\u660e", "answer_B": "\u53d8\u91cf\u65e0\u987b\u5148\u521b\u5efa\u548c\u8d4b\u503c\u800c\u76f4\u63a5\u4f7f\u7528", "answer_C": "\u53d8\u91cf\u65e0\u987b\u6307\u5b9a\u7c7b\u578b", "answer_D": "\u53ef\u4ee5\u4f7f\u7528del\u91ca\u653e\u8d44\u6e90", "right_answer": "B", "analysis": "\u6682\u65e0", "score": 2, "level": "1"}}, {"model": "question.choice", "pk": 3, "fields": {"question": "\u4e0b\u9762\u54ea\u4e2a\u4e0d\u662fPython\u5408\u6cd5\u7684\u6807\u8bc6\u7b26", "answer_A": "int32", "answer_B": "40XL", "answer_C": "self", "answer_D": "__name__", "right_answer": "B", "analysis": "\u6682\u65e0", "score": 2, "level": "1"}}, {"model": "question.choice", "pk": 4, "fields": {"question": "\u4e0b\u5217\u54ea\u79cd\u8bf4\u6cd5\u662f\u9519\u8bef\u7684", "answer_A": "\u9664\u5b57\u5178\u7c7b\u578b\u5916\uff0c\u6240\u6709\u6807\u51c6\u5bf9\u8c61\u5747\u53ef\u4ee5\u7528\u4e8e\u5e03\u5c14\u6d4b\u8bd5", "answer_B": "\u7a7a\u5b57\u7b26\u4e32\u7684\u5e03\u5c14\u503c\u662fFalse", "answer_C": "\u7a7a\u5217\u8868\u5bf9\u8c61\u7684\u5e03\u5c14\u503c\u662fFalse", "answer_D": "\u503c\u4e3a0\u7684\u4efb\u4f55\u6570\u5b57\u5bf9\u8c61\u7684\u5e03\u5c14\u503c\u662fFalse", "right_answer": "A", "analysis": "\u6682\u65e0", "score": 2, "level": "1"}}, {"model": "question.choice", "pk": 5, "fields": {"question": "Python\u4e0d\u652f\u6301\u7684\u6570\u636e\u7c7b\u578b\u6709", "answer_A": "char", "answer_B": "int", "answer_C": "float", "answer_D": "list", "right_answer": "A", "analysis": "\u6682\u65e0", "score": 2, "level": "1"}}, {"model": "question.choice", "pk": 6, "fields": {"question": "\u5173\u4e8ePython\u4e2d\u7684\u590d\u6570\uff0c\u4e0b\u5217\u8bf4\u6cd5\u9519\u8bef\u7684\u662f", "answer_A": "\u8868\u793a\u590d\u6570\u7684\u8bed\u6cd5\u662freal + image j", "answer_B": "\u5b9e\u90e8\u548c\u865a\u90e8\u90fd\u662f\u6d6e\u70b9\u6570", "answer_C": "\u865a\u90e8\u5fc5\u987b\u540e\u7f00j\uff0c\u4e14\u5fc5\u987b\u662f\u5c0f\u5199", "answer_D": "\u65b9\u6cd5conjugate\u8fd4\u56de\u590d\u6570\u7684\u5171\u8f6d\u590d\u6570", "right_answer": "C", "analysis": "\u6682\u65e0", "score": 2, "level": "1"}}, {"model": "question.choice", "pk": 7, "fields": {"question": "\u5173\u4e8e\u5b57\u7b26\u4e32\u4e0b\u5217\u8bf4\u6cd5\u9519\u8bef\u7684\u662f", "answer_A": "\u5b57\u7b26\u5e94\u8be5\u89c6\u4e3a\u957f\u5ea6\u4e3a1\u7684\u5b57\u7b26\u4e32", "answer_B": "\u5b57\u7b26\u4e32\u4ee5\\0\u6807\u5fd7\u5b57\u7b26\u4e32\u7684\u7ed3\u675f", "answer_C": "\u65e2\u53ef\u4ee5\u7528\u5355\u5f15\u53f7\uff0c\u4e5f\u53ef\u4ee5\u7528\u53cc\u5f15\u53f7\u521b\u5efa\u5b57\u7b26\u4e32", "answer_D": "\u5728\u4e09\u5f15\u53f7\u5b57\u7b26\u4e32\u4e2d\u53ef\u4ee5\u5305\u542b\u6362\u884c\u56de\u8f66\u7b49\u7279\u6b8a\u5b57\u7b26", "right_answer": "B", "analysis": "\u6682\u65e0", "score": 2, "level": "1"}}, {"model": "question.choice", "pk": 8, "fields": {"question": "\u4ee5\u4e0b\u4e0d\u80fd\u521b\u5efa\u4e00\u4e2a\u5b57\u5178\u7684\u8bed\u53e5\u662f", "answer_A": "dict1 = {}", "answer_B": "dict2 = { 3 : 5 }", "answer_C": "dict3 = {[1,2,3]: \u201cuestc\u201d}", "answer_D": "dict4 = {(1,2,3): \u201cuestc\u201d}", "right_answer": "A", "analysis": "\u6682\u65e0", "score": 2, "level": "1"}}, {"model": "question.choice", "pk": 9, "fields": {"question": "\u4e0b\u5217Python\u8bed\u53e5\u6b63\u786e\u7684\u662f", "answer_A": "min = x  if  x < y  else  y", "answer_B": "max = x > y ? x : y", "answer_C": "if (x > y) print x", "answer_D": "while True : pass", "right_answer": "D", "analysis": "\u6682\u65e0", "score": 2, "level": "1"}}, {"model": "question.choice", "pk": 10, "fields": {"question": "\u8ba1\u7b97\u673a\u4e2d\u4fe1\u606f\u5904\u7406\u548c\u4fe1\u606f\u50a8\u5b58\u7528", "answer_A": "\u4e8c\u8fdb\u5236\u4ee3\u7801", "answer_B": "\u5341\u8fdb\u5236\u4ee3\u7801", "answer_C": "\u5341\u516d\u8fdb\u5236\u4ee3\u7801", "answer_D": "ASCII\u4ee3\u7801", "right_answer": "A", "analysis": "\u6682\u65e0", "score": 2, "level": "1"}}, {"model": "question.fill", "pk": 1, "fields": {"question": "Python\u6807\u51c6\u5e93math\u4e2d\u7528\u6765\u8ba1\u7b97\u5e73\u65b9\u6839\u7684\u51fd\u6570\u662f__________\u3002", "right_answer": "sqrt", "analysis": "\u6682\u65e0", "score": 2, "level": "1"}}, {"model": "question.fill", "pk": 2, "fields": {"question": "\u5728Python\u4e2d__________\u8868\u793a\u7a7a\u7c7b\u578b\u3002", "right_answer": "None", "analysis": "\u6682\u65e0", "score": 2, "level": "1"}}, {"model": "question.fill", "pk": 3, "fields": {"question": "\u5217\u8868\u3001\u5143\u7ec4\u3001\u5b57\u7b26\u4e32\u662fPython\u7684_________(\u6709\u5e8f\uff1f\u65e0\u5e8f)\u5e8f\u5217", "right_answer": "\u6709\u5e8f", "analysis": "\u6682\u65e0", "score": 2, "level": "1"}}, {"model": "question.fill", "pk": 4, "fields": {"question": "\u67e5\u770b\u53d8\u91cf\u7c7b\u578b\u7684Python\u5185\u7f6e\u51fd\u6570\u662f________________\u3002", "right_answer": "type()", "analysis": "\u6682\u65e0", "score": 2, "level": "1"}}, {"model": "question.fill", "pk": 5, "fields": {"question": "\u67e5\u770b\u53d8\u91cf\u5185\u5b58\u5730\u5740\u7684Python\u5185\u7f6e\u51fd\u6570\u662f_________________\u3002", "right_answer": "id()", "analysis": "\u6682\u65e0", "score": 2, "level": "1"}}, {"model": "question.fill", "pk": 6, "fields": {"question": "\u8868\u8fbe\u5f0f[1,\u20022,\u20023]*3\u7684\u6267\u884c\u7ed3\u679c\u4e3a______________________\u3002", "right_answer": "[1,\u20022,\u20023,\u20021,\u20022,\u20023,\u20021,\u20022,\u20023]", "analysis": "\u6682\u65e0", "score": 2, "level": "1"}}, {"model": "question.fill", "pk": 7, "fields": {"question": "list(map(str,\u2002[1,\u20022,\u20023]))\u7684\u6267\u884c\u7ed3\u679c\u4e3a_____________________\u3002", "right_answer": "['1', '2', '3']", "analysis": "\u6682\u65e0", "score": 2, "level": "1"}}, {"model": "question.fill", "pk": 8, "fields": {"question": "\u5df2\u77e5\u2002x\u2002=\u20023\uff0c\u5e76\u4e14id(x)\u7684\u8fd4\u56de\u503c\u4e3a\u2002496103280\uff0c\u90a3\u4e48\u6267\u884c\u8bed\u53e5\u2002x\u2002+=\u20026\u2002\u4e4b\u540e\uff0c\u8868\u8fbe\u5f0f\u2002id(x)\u2002==\u2002\r\n496103280\u2002\u7684\u503c\u4e3a___________\u3002", "right_answer": "False", "analysis": "\u6682\u65e0", "score": 2, "level": "1"}}, {"model": "question.fill", "pk": 9, "fields": {"question": "\u5df2\u77e5\u2002x\u2002=\u20023\uff0c\u90a3\u4e48\u6267\u884c\u8bed\u53e5\u2002x\u2002*=\u20026\u2002\u4e4b\u540e\uff0cx\u7684\u503c\u4e3a________________\u3002", "right_answer": "18", "analysis": "\u6682\u65e0", "score": 2, "level": "1"}}, {"model": "question.fill", "pk": 10, "fields": {"question": "\u8868\u8fbe\u5f0f\u201c[3]\u2002in\u2002[1,\u20022,\u20023,\u20024]\u201d\u7684\u503c\u4e3a________________\u3002", "right_answer": "False", "analysis": "\u6682\u65e0", "score": 2, "level": "1"}}, {"model": "question.judge", "pk": 1, "fields": {"question": "\u5217\u8868\u4e2d\u7684\u5143\u7d20\u53ef\u4ee5\u662f\u4e0d\u540c\u6570\u636e\u7c7b\u578b", "right_answer": "T", "analysis": "\u6682\u65e0", "score": 2, "level": "1"}}, {"model": "question.judge", "pk": 2, "fields": {"question": "\u5143\u7ec4\u4e2d\u7684\u5143\u7d20\u53ea\u80fd\u662f\u540c\u4e00\u6570\u636e\u7c7b\u578b", "right_answer": "F", "analysis": "\u6682\u65e0", "score": 2, "level": "1"}}, {"model": "question.judge", "pk": 3, "fields": {"question": "\u5143\u7ec4\u4e2d\u7684\u5143\u7d20\u662f\u4e0d\u53ef\u66f4\u6539\u7684", "right_answer": "F", "analysis": "\u6682\u65e0", "score": 2, "level": "1"}}, {"model": "question.judge", "pk": 4, "fields": {"question": "\u5b57\u5178\u4e2d\u53ef\u4ee5\u6dfb\u52a0\u65b0\u7684\u952e-\u503c", "right_answer": "T", "analysis": "\u6682\u65e0", "score": 2, "level": "1"}}, {"model": "question.judge", "pk": 5, "fields": {"question": "a = 1; a = a + 1;\u524d\u8005a\u7684\u5730\u5740\u4e0e\u540e\u8005a\u7684\u5730\u5740\u76f8\u540c", "right_answer": "F", "analysis": "\u6682\u65e0", "score": 2, "level": "1"}}, {"model": "question.judge", "pk": 6, "fields": {"question": "a = [1, 2, 3]; a.append(7); \u524d\u8005a\u7684\u5730\u5740\u4e0e\u540e\u8005a\u7684\u5730\u5740\u76f8\u540c", "right_answer": "T", "analysis": "\u6682\u65e0", "score": 2, "level": "1"}}, {"model": "question.judge", "pk": 7, "fields": {"question": "a = {\u2018a\u2019:1, \u2018b\u2019:2}; a[\u2018c\u2019] = 3; \u524d\u8005a\u7684\u5730\u5740\u4e0e\u540e\u8005a\u7684\u5730\u5740\u76f8\u540c", "right_answer": "T", "analysis": "\u6682\u65e0", "score": 2, "level": "1"}}, {"model": "question.judge", "pk": 8, "fields": {"question": "\u5728\u51fd\u6570\u4e2d\uff0c\u4f20\u5165\u6570\u5b57\u3001\u5b57\u7b26\u6216\u8005\u5143\u7ec4\u7b49\u4e0d\u53ef\u53d8\u5bf9\u8c61\u5c5e\u4e8e\u503c\u4f20\u9012", "right_answer": "T", "analysis": "\u6682\u65e0", "score": 2, "level": "1"}}, {"model": "question.judge", "pk": 9, "fields": {"question": "\u5728\u51fd\u6570\u4e2d\uff0c\u4f20\u5165\u5217\u8868\u3001\u5b57\u5178\u7b49\u53ef\u53d8\u5bf9\u8c61\u5c5e\u4e8e\u5f15\u7528\u4f20\u9012", "right_answer": "T", "analysis": "\u6682\u65e0", "score": 2, "level": "1"}}, {"model": "question.judge", "pk": 10, "fields": {"question": "\u5728\u51fd\u6570\u4e2d\uff0c\u5b9a\u4e49fun(a=1, b),\u6309\u7167fun(2)\u8c03\u7528, \u8fd0\u884c\u4e0d\u4f1a\u62a5\u9519", "right_answer": "F", "analysis": "\u6682\u65e0", "score": 2, "level": "1"}}, {"model": "question.program", "pk": 1, "fields": {"question": "\u5b9a\u4e49\u4e00\u4e2a\u65b9\u6cd5\uff0c\u8ba1\u7b97\u4e24\u4e2a\u6570\u7684\u548c", "answer_template": "class Solution:\r\n    \"\"\"\r\n    @param x: an integer\r\n    @param y: an integer\r\n    @return: return an integer\r\n    \"\"\"\r\n\r\n    def sum(self, x, y):\r\n        # write your code here", "test_case": "import unittest\r\nfrom question.Solution import  Solution\r\n\r\n\r\nclass MyTestCase(unittest.TestCase):\r\n    def test_checkSolution(self):\r\n        solution = Solution()\r\n        res = solution.sum(3, 4)\r\n        self.assertEqual(res, 7)\r\n\r\n    def test_checkSolution2(self):\r\n        solution = Solution()\r\n        res = solution.sum(5, 5)\r\n        self.assertEqual(res, 10)\r\n\r\n\r\nif __name__ == '__main__':\r\n    unittest.main()", "analysis": "\u6682\u65e0", "score": 8, "level": "1"}}, {"model": "question.program", "pk": 2, "fields": {"question": "\u5b9a\u4e49\u4e00\u4e2a\u65b9\u6cd5\uff0c\u8ba1\u7b97\u4e24\u4e2a\u6570\u7684\u5dee", "answer_template": "class Solution:\r\n    \"\"\"\r\n    @param x: an integer\r\n    @param y: an integer\r\n    @return: return an integer\r\n    \"\"\"\r\n\r\n    def sub(self, x, y):\r\n        # write your code here", "test_case": "import unittest\r\nfrom question.Solution import  Solution\r\n\r\n\r\nclass MyTestCase(unittest.TestCase):\r\n    def test_checkSolution(self):\r\n        solution = Solution()\r\n        res = solution.sub(5, 4)\r\n        self.assertEqual(res, 1)\r\n\r\n    def test_checkSolution2(self):\r\n        solution = Solution()\r\n        res = solution.sub(5, 5)\r\n        self.assertEqual(res, 0)\r\n\r\n\r\nif __name__ == '__main__':\r\n    unittest.main()", "analysis": "\u6682\u65e0", "score": 8, "level": "1"}}, {"model": "question.program", "pk": 3, "fields": {"question": "\u5b9a\u4e49\u4e00\u4e2a\u65b9\u6cd5\uff0c\u8ba1\u7b97\u4e24\u4e2a\u6570\u7684\u79ef", "answer_template": "class Solution:\r\n    \"\"\"\r\n    @param x: an integer\r\n    @param y: an integer\r\n    @return: return an integer\r\n    \"\"\"\r\n\r\n    def mul(self, x, y):\r\n        # write your code here", "test_case": "import unittest\r\nfrom question.Solution import  Solution\r\n\r\n\r\nclass MyTestCase(unittest.TestCase):\r\n    def test_checkSolution(self):\r\n        solution = Solution()\r\n        res = solution.mul(3, 4)\r\n        self.assertEqual(res, 12)\r\n\r\n    def test_checkSolution2(self):\r\n        solution = Solution()\r\n        res = solution.mul(5, 0)\r\n        self.assertEqual(res, 0)\r\n\r\n\r\nif __name__ == '__main__':\r\n    unittest.main()", "analysis": "\u6682\u65e0", "score": 8, "level": "1"}}, {"model": "record.choicerecord", "pk": 2, "fields": {"practice": 43, "student": 1, "your_answer": "A", "choice": 9}}, {"model": "record.choicerecord", "pk": 3, "fields": {"practice": 43, "student": 1, "your_answer": null, "choice": 10}}, {"model": "record.choicerecord", "pk": 4, "fields": {"practice": 44, "student": 1, "your_answer": "A", "choice": 8}}, {"model": "record.choicerecord", "pk": 5, "fields": {"practice": 56, "student": 13, "your_answer": "C", "choice": 1}}, {"model": "record.choicerecord", "pk": 6, "fields": {"practice": 56, "student": 13, "your_answer": null, "choice": 6}}, {"model": "record.choicerecord", "pk": 7, "fields": {"practice": 56, "student": 13, "your_answer": null, "choice": 2}}, {"model": "record.choicerecord", "pk": 8, "fields": {"practice": 56, "student": 13, "your_answer": null, "choice": 5}}, {"model": "record.choicerecord", "pk": 9, "fields": {"practice": 56, "student": 13, "your_answer": null, "choice": 10}}, {"model": "record.choicerecord", "pk": 10, "fields": {"practice": 56, "student": 13, "your_answer": null, "choice": 3}}, {"model": "record.choicerecord", "pk": 11, "fields": {"practice": 56, "student": 13, "your_answer": null, "choice": 8}}, {"model": "record.choicerecord", "pk": 12, "fields": {"practice": 56, "student": 13, "your_answer": null, "choice": 7}}, {"model": "record.choicerecord", "pk": 13, "fields": {"practice": 56, "student": 13, "your_answer": null, "choice": 9}}, {"model": "record.choicerecord", "pk": 14, "fields": {"practice": 56, "student": 13, "your_answer": null, "choice": 4}}, {"model": "record.fillrecord", "pk": 1, "fields": {"practice": 43, "student": 1, "your_answer": "1", "fill": 8}}, {"model": "record.fillrecord", "pk": 2, "fields": {"practice": 43, "student": 1, "your_answer": null, "fill": 1}}, {"model": "record.fillrecord", "pk": 3, "fields": {"practice": 44, "student": 1, "your_answer": "233", "fill": 10}}, {"model": "record.fillrecord", "pk": 4, "fields": {"practice": 56, "student": 13, "your_answer": null, "fill": 2}}, {"model": "record.fillrecord", "pk": 5, "fields": {"practice": 56, "student": 13, "your_answer": null, "fill": 6}}, {"model": "record.fillrecord", "pk": 6, "fields": {"practice": 56, "student": 13, "your_answer": null, "fill": 8}}, {"model": "record.fillrecord", "pk": 7, "fields": {"practice": 56, "student": 13, "your_answer": null, "fill": 1}}, {"model": "record.fillrecord", "pk": 8, "fields": {"practice": 56, "student": 13, "your_answer": null, "fill": 4}}, {"model": "record.fillrecord", "pk": 9, "fields": {"practice": 56, "student": 13, "your_answer": null, "fill": 7}}, {"model": "record.fillrecord", "pk": 10, "fields": {"practice": 56, "student": 13, "your_answer": null, "fill": 5}}, {"model": "record.fillrecord", "pk": 11, "fields": {"practice": 56, "student": 13, "your_answer": null, "fill": 9}}, {"model": "record.fillrecord", "pk": 12, "fields": {"practice": 56, "student": 13, "your_answer": null, "fill": 3}}, {"model": "record.fillrecord", "pk": 13, "fields": {"practice": 56, "student": 13, "your_answer": null, "fill": 10}}, {"model": "record.judgerecord", "pk": 1, "fields": {"practice": 44, "student": 1, "your_answer": "F", "judge": 3}}, {"model": "record.judgerecord", "pk": 2, "fields": {"practice": 46, "student": 1, "your_answer": "T", "judge": 4}}, {"model": "record.judgerecord", "pk": 3, "fields": {"practice": 48, "student": 1, "your_answer": "T", "judge": 1}}, {"model": "record.judgerecord", "pk": 4, "fields": {"practice": 51, "student": 1, "your_answer": "T", "judge": 9}}, {"model": "record.judgerecord", "pk": 5, "fields": {"practice": 56, "student": 13, "your_answer": null, "judge": 1}}, {"model": "record.judgerecord", "pk": 6, "fields": {"practice": 56, "student": 13, "your_answer": null, "judge": 5}}, {"model": "record.judgerecord", "pk": 7, "fields": {"practice": 56, "student": 13, "your_answer": null, "judge": 8}}, {"model": "record.judgerecord", "pk": 8, "fields": {"practice": 56, "student": 13, "your_answer": null, "judge": 6}}, {"model": "record.judgerecord", "pk": 9, "fields": {"practice": 56, "student": 13, "your_answer": null, "judge": 2}}, {"model": "record.judgerecord", "pk": 10, "fields": {"practice": 56, "student": 13, "your_answer": null, "judge": 7}}, {"model": "record.judgerecord", "pk": 11, "fields": {"practice": 56, "student": 13, "your_answer": null, "judge": 9}}, {"model": "record.judgerecord", "pk": 12, "fields": {"practice": 56, "student": 13, "your_answer": null, "judge": 4}}, {"model": "record.judgerecord", "pk": 13, "fields": {"practice": 56, "student": 13, "your_answer": null, "judge": 10}}, {"model": "record.judgerecord", "pk": 14, "fields": {"practice": 56, "student": 13, "your_answer": null, "judge": 3}}, {"model": "record.programrecord", "pk": 1, "fields": {"practice": 46, "student": 1, "your_answer": "class Solution:\n    \"\"\"\n    @param x: an integer\n    @param y: an integer\n    @return: return an integer, denote the Hamming Distance between two integers\n    \"\"\"\n\n    def sum(self, x, y):\n        # write your code here\n        return x + y", "program": 1, "cmd_msg": "pass"}}, {"model": "record.programrecord", "pk": 2, "fields": {"practice": 51, "student": 1, "your_answer": "class Solution:\r\n    \"\"\"\r\n    @param x: an integer\r\n    @param y: an integer\r\n    @return: return an integer, denote the Hamming Distance between two integers\r\n    \"\"\"\r\n\r\n    def sum(self, x, y):\r\n        # write your code here", "program": 1, "cmd_msg": "Traceback (most recent call last):\n  File \"<stdin>\", line 3, in <module>\n  File \"D:\\PycharmProjects\\ExamOnline\\question\\Solution.py\", line 17\n    # write your code here\n                         ^\nSyntaxError: unexpected EOF while parsing"}}, {"model": "record.programrecord", "pk": 3, "fields": {"practice": 56, "student": 13, "your_answer": null, "program": 2, "cmd_msg": "EE\n======================================================================\nERROR: test_checkSolution (__main__.MyTestCase)\n----------------------------------------------------------------------\nTraceback (most recent call last):\n  File \"<stdin>\", line 8, in test_checkSolution\nAttributeError: 'Solution' object has no attribute 'sub'\n\n======================================================================\nERROR: test_checkSolution2 (__main__.MyTestCase)\n----------------------------------------------------------------------\nTraceback (most recent call last):\n  File \"<stdin>\", line 13, in test_checkSolution2\nAttributeError: 'Solution' object has no attribute 'sub'\n\n----------------------------------------------------------------------\nRan 2 tests in 0.000s\n\nFAILED (errors=2)"}}, {"model": "record.programrecord", "pk": 4, "fields": {"practice": 56, "student": 13, "your_answer": null, "program": 1, "cmd_msg": "FF\n======================================================================\nFAIL: test_checkSolution (__main__.MyTestCase)\n----------------------------------------------------------------------\nTraceback (most recent call last):\n  File \"<stdin>\", line 9, in test_checkSolution\nAssertionError: 12 != 7\n\n======================================================================\nFAIL: test_checkSolution2 (__main__.MyTestCase)\n----------------------------------------------------------------------\nTraceback (most recent call last):\n  File \"<stdin>\", line 14, in test_checkSolution2\nAssertionError: 25 != 10\n\n----------------------------------------------------------------------\nRan 2 tests in 0.000s\n\nFAILED (failures=2)"}}, {"model": "record.programrecord", "pk": 5, "fields": {"practice": 56, "student": 13, "your_answer": null, "program": 3, "cmd_msg": "EE\n======================================================================\nERROR: test_checkSolution (__main__.MyTestCase)\n----------------------------------------------------------------------\nTraceback (most recent call last):\n  File \"<stdin>\", line 8, in test_checkSolution\nAttributeError: 'Solution' object has no attribute 'mul'\n\n======================================================================\nERROR: test_checkSolution2 (__main__.MyTestCase)\n----------------------------------------------------------------------\nTraceback (most recent call last):\n  File \"<stdin>\", line 13, in test_checkSolution2\nAttributeError: 'Solution' object has no attribute 'mul'\n\n----------------------------------------------------------------------\nRan 2 tests in 0.000s\n\nFAILED (errors=2)"}}, {"model": "auth.permission", "pk": 1, "fields": {"name": "Can add log entry", "content_type": 1, "codename": "add_logentry"}}, {"model": "auth.permission", "pk": 2, "fields": {"name": "Can change log entry", "content_type": 1, "codename": "change_logentry"}}, {"model": "auth.permission", "pk": 3, "fields": {"name": "Can delete log entry", "content_type": 1, "codename": "delete_logentry"}}, {"model": "auth.permission", "pk": 4, "fields": {"name": "Can view log entry", "content_type": 1, "codename": "view_logentry"}}, {"model": "auth.permission", "pk": 5, "fields": {"name": "Can add permission", "content_type": 2, "codename": "add_permission"}}, {"model": "auth.permission", "pk": 6, "fields": {"name": "Can change permission", "content_type": 2, "codename": "change_permission"}}, {"model": "auth.permission", "pk": 7, "fields": {"name": "Can delete permission", "content_type": 2, "codename": "delete_permission"}}, {"model": "auth.permission", "pk": 8, "fields": {"name": "Can view permission", "content_type": 2, "codename": "view_permission"}}, {"model": "auth.permission", "pk": 9, "fields": {"name": "Can add group", "content_type": 3, "codename": "add_group"}}, {"model": "auth.permission", "pk": 10, "fields": {"name": "Can change group", "content_type": 3, "codename": "change_group"}}, {"model": "auth.permission", "pk": 11, "fields": {"name": "Can delete group", "content_type": 3, "codename": "delete_group"}}, {"model": "auth.permission", "pk": 12, "fields": {"name": "Can view group", "content_type": 3, "codename": "view_group"}}, {"model": "auth.permission", "pk": 13, "fields": {"name": "Can add user", "content_type": 4, "codename": "add_user"}}, {"model": "auth.permission", "pk": 14, "fields": {"name": "Can change user", "content_type": 4, "codename": "change_user"}}, {"model": "auth.permission", "pk": 15, "fields": {"name": "Can delete user", "content_type": 4, "codename": "delete_user"}}, {"model": "auth.permission", "pk": 16, "fields": {"name": "Can view user", "content_type": 4, "codename": "view_user"}}, {"model": "auth.permission", "pk": 17, "fields": {"name": "Can add content type", "content_type": 5, "codename": "add_contenttype"}}, {"model": "auth.permission", "pk": 18, "fields": {"name": "Can change content type", "content_type": 5, "codename": "change_contenttype"}}, {"model": "auth.permission", "pk": 19, "fields": {"name": "Can delete content type", "content_type": 5, "codename": "delete_contenttype"}}, {"model": "auth.permission", "pk": 20, "fields": {"name": "Can view content type", "content_type": 5, "codename": "view_contenttype"}}, {"model": "auth.permission", "pk": 21, "fields": {"name": "Can add session", "content_type": 6, "codename": "add_session"}}, {"model": "auth.permission", "pk": 22, "fields": {"name": "Can change session", "content_type": 6, "codename": "change_session"}}, {"model": "auth.permission", "pk": 23, "fields": {"name": "Can delete session", "content_type": 6, "codename": "delete_session"}}, {"model": "auth.permission", "pk": 24, "fields": {"name": "Can view session", "content_type": 6, "codename": "view_session"}}, {"model": "auth.permission", "pk": 25, "fields": {"name": "Can add Bookmark", "content_type": 7, "codename": "add_bookmark"}}, {"model": "auth.permission", "pk": 26, "fields": {"name": "Can change Bookmark", "content_type": 7, "codename": "change_bookmark"}}, {"model": "auth.permission", "pk": 27, "fields": {"name": "Can delete Bookmark", "content_type": 7, "codename": "delete_bookmark"}}, {"model": "auth.permission", "pk": 28, "fields": {"name": "Can view Bookmark", "content_type": 7, "codename": "view_bookmark"}}, {"model": "auth.permission", "pk": 29, "fields": {"name": "Can add User Setting", "content_type": 8, "codename": "add_usersettings"}}, {"model": "auth.permission", "pk": 30, "fields": {"name": "Can change User Setting", "content_type": 8, "codename": "change_usersettings"}}, {"model": "auth.permission", "pk": 31, "fields": {"name": "Can delete User Setting", "content_type": 8, "codename": "delete_usersettings"}}, {"model": "auth.permission", "pk": 32, "fields": {"name": "Can view User Setting", "content_type": 8, "codename": "view_usersettings"}}, {"model": "auth.permission", "pk": 33, "fields": {"name": "Can add User Widget", "content_type": 9, "codename": "add_userwidget"}}, {"model": "auth.permission", "pk": 34, "fields": {"name": "Can change User Widget", "content_type": 9, "codename": "change_userwidget"}}, {"model": "auth.permission", "pk": 35, "fields": {"name": "Can delete User Widget", "content_type": 9, "codename": "delete_userwidget"}}, {"model": "auth.permission", "pk": 36, "fields": {"name": "Can view User Widget", "content_type": 9, "codename": "view_userwidget"}}, {"model": "auth.permission", "pk": 37, "fields": {"name": "Can add log entry", "content_type": 10, "codename": "add_log"}}, {"model": "auth.permission", "pk": 38, "fields": {"name": "Can change log entry", "content_type": 10, "codename": "change_log"}}, {"model": "auth.permission", "pk": 39, "fields": {"name": "Can delete log entry", "content_type": 10, "codename": "delete_log"}}, {"model": "auth.permission", "pk": 40, "fields": {"name": "Can view log entry", "content_type": 10, "codename": "view_log"}}, {"model": "auth.permission", "pk": 41, "fields": {"name": "Can add \u6559\u5e08", "content_type": 11, "codename": "add_teacher"}}, {"model": "auth.permission", "pk": 42, "fields": {"name": "Can change \u6559\u5e08", "content_type": 11, "codename": "change_teacher"}}, {"model": "auth.permission", "pk": 43, "fields": {"name": "Can delete \u6559\u5e08", "content_type": 11, "codename": "delete_teacher"}}, {"model": "auth.permission", "pk": 44, "fields": {"name": "Can view \u6559\u5e08", "content_type": 11, "codename": "view_teacher"}}, {"model": "auth.permission", "pk": 45, "fields": {"name": "Can add \u5b66\u751f", "content_type": 12, "codename": "add_student"}}, {"model": "auth.permission", "pk": 46, "fields": {"name": "Can change \u5b66\u751f", "content_type": 12, "codename": "change_student"}}, {"model": "auth.permission", "pk": 47, "fields": {"name": "Can delete \u5b66\u751f", "content_type": 12, "codename": "delete_student"}}, {"model": "auth.permission", "pk": 48, "fields": {"name": "Can view \u5b66\u751f", "content_type": 12, "codename": "view_student"}}, {"model": "auth.permission", "pk": 49, "fields": {"name": "Can add \u8003\u8bd5", "content_type": 13, "codename": "add_exam"}}, {"model": "auth.permission", "pk": 50, "fields": {"name": "Can change \u8003\u8bd5", "content_type": 13, "codename": "change_exam"}}, {"model": "auth.permission", "pk": 51, "fields": {"name": "Can delete \u8003\u8bd5", "content_type": 13, "codename": "delete_exam"}}, {"model": "auth.permission", "pk": 52, "fields": {"name": "Can view \u8003\u8bd5", "content_type": 13, "codename": "view_exam"}}, {"model": "auth.permission", "pk": 53, "fields": {"name": "Can add \u8bd5\u5377", "content_type": 14, "codename": "add_paper"}}, {"model": "auth.permission", "pk": 54, "fields": {"name": "Can change \u8bd5\u5377", "content_type": 14, "codename": "change_paper"}}, {"model": "auth.permission", "pk": 55, "fields": {"name": "Can delete \u8bd5\u5377", "content_type": 14, "codename": "delete_paper"}}, {"model": "auth.permission", "pk": 56, "fields": {"name": "Can view \u8bd5\u5377", "content_type": 14, "codename": "view_paper"}}, {"model": "auth.permission", "pk": 57, "fields": {"name": "Can add \u6210\u7ee9", "content_type": 15, "codename": "add_grade"}}, {"model": "auth.permission", "pk": 58, "fields": {"name": "Can change \u6210\u7ee9", "content_type": 15, "codename": "change_grade"}}, {"model": "auth.permission", "pk": 59, "fields": {"name": "Can delete \u6210\u7ee9", "content_type": 15, "codename": "delete_grade"}}, {"model": "auth.permission", "pk": 60, "fields": {"name": "Can view \u6210\u7ee9", "content_type": 15, "codename": "view_grade"}}, {"model": "auth.permission", "pk": 61, "fields": {"name": "Can add \u9009\u62e9\u9898", "content_type": 16, "codename": "add_choice"}}, {"model": "auth.permission", "pk": 62, "fields": {"name": "Can change \u9009\u62e9\u9898", "content_type": 16, "codename": "change_choice"}}, {"model": "auth.permission", "pk": 63, "fields": {"name": "Can delete \u9009\u62e9\u9898", "content_type": 16, "codename": "delete_choice"}}, {"model": "auth.permission", "pk": 64, "fields": {"name": "Can view \u9009\u62e9\u9898", "content_type": 16, "codename": "view_choice"}}, {"model": "auth.permission", "pk": 65, "fields": {"name": "Can add \u586b\u7a7a\u9898", "content_type": 17, "codename": "add_fill"}}, {"model": "auth.permission", "pk": 66, "fields": {"name": "Can change \u586b\u7a7a\u9898", "content_type": 17, "codename": "change_fill"}}, {"model": "auth.permission", "pk": 67, "fields": {"name": "Can delete \u586b\u7a7a\u9898", "content_type": 17, "codename": "delete_fill"}}, {"model": "auth.permission", "pk": 68, "fields": {"name": "Can view \u586b\u7a7a\u9898", "content_type": 17, "codename": "view_fill"}}, {"model": "auth.permission", "pk": 69, "fields": {"name": "Can add \u5224\u65ad\u9898", "content_type": 18, "codename": "add_judge"}}, {"model": "auth.permission", "pk": 70, "fields": {"name": "Can change \u5224\u65ad\u9898", "content_type": 18, "codename": "change_judge"}}, {"model": "auth.permission", "pk": 71, "fields": {"name": "Can delete \u5224\u65ad\u9898", "content_type": 18, "codename": "delete_judge"}}, {"model": "auth.permission", "pk": 72, "fields": {"name": "Can view \u5224\u65ad\u9898", "content_type": 18, "codename": "view_judge"}}, {"model": "auth.permission", "pk": 73, "fields": {"name": "Can add \u7f16\u7a0b\u9898", "content_type": 19, "codename": "add_program"}}, {"model": "auth.permission", "pk": 74, "fields": {"name": "Can change \u7f16\u7a0b\u9898", "content_type": 19, "codename": "change_program"}}, {"model": "auth.permission", "pk": 75, "fields": {"name": "Can delete \u7f16\u7a0b\u9898", "content_type": 19, "codename": "delete_program"}}, {"model": "auth.permission", "pk": 76, "fields": {"name": "Can view \u7f16\u7a0b\u9898", "content_type": 19, "codename": "view_program"}}, {"model": "auth.permission", "pk": 77, "fields": {"name": "Can add exercise", "content_type": 20, "codename": "add_exercise"}}, {"model": "auth.permission", "pk": 78, "fields": {"name": "Can change exercise", "content_type": 20, "codename": "change_exercise"}}, {"model": "auth.permission", "pk": 79, "fields": {"name": "Can delete exercise", "content_type": 20, "codename": "delete_exercise"}}, {"model": "auth.permission", "pk": 80, "fields": {"name": "Can view exercise", "content_type": 20, "codename": "view_exercise"}}, {"model": "auth.permission", "pk": 81, "fields": {"name": "Can add recode", "content_type": 21, "codename": "add_recode"}}, {"model": "auth.permission", "pk": 82, "fields": {"name": "Can change recode", "content_type": 21, "codename": "change_recode"}}, {"model": "auth.permission", "pk": 83, "fields": {"name": "Can delete recode", "content_type": 21, "codename": "delete_recode"}}, {"model": "auth.permission", "pk": 84, "fields": {"name": "Can view recode", "content_type": 21, "codename": "view_recode"}}, {"model": "auth.permission", "pk": 85, "fields": {"name": "Can view \u7ec3\u4e60", "content_type": 20, "codename": "view_practice"}}, {"model": "auth.permission", "pk": 86, "fields": {"name": "Can add \u7ec3\u4e60", "content_type": 20, "codename": "add_practice"}}, {"model": "auth.permission", "pk": 87, "fields": {"name": "Can change \u7ec3\u4e60", "content_type": 20, "codename": "change_practice"}}, {"model": "auth.permission", "pk": 88, "fields": {"name": "Can delete \u7ec3\u4e60", "content_type": 20, "codename": "delete_practice"}}, {"model": "auth.permission", "pk": 89, "fields": {"name": "Can add \u7f16\u7a0b\u9898\u7b54\u9898\u8bb0\u5f55", "content_type": 22, "codename": "add_programrecord"}}, {"model": "auth.permission", "pk": 90, "fields": {"name": "Can change \u7f16\u7a0b\u9898\u7b54\u9898\u8bb0\u5f55", "content_type": 22, "codename": "change_programrecord"}}, {"model": "auth.permission", "pk": 91, "fields": {"name": "Can delete \u7f16\u7a0b\u9898\u7b54\u9898\u8bb0\u5f55", "content_type": 22, "codename": "delete_programrecord"}}, {"model": "auth.permission", "pk": 92, "fields": {"name": "Can view \u7f16\u7a0b\u9898\u7b54\u9898\u8bb0\u5f55", "content_type": 22, "codename": "view_programrecord"}}, {"model": "auth.permission", "pk": 93, "fields": {"name": "Can add \u9009\u62e9\u9898\u7b54\u9898\u8bb0\u5f55", "content_type": 23, "codename": "add_choicerecord"}}, {"model": "auth.permission", "pk": 94, "fields": {"name": "Can change \u9009\u62e9\u9898\u7b54\u9898\u8bb0\u5f55", "content_type": 23, "codename": "change_choicerecord"}}, {"model": "auth.permission", "pk": 95, "fields": {"name": "Can delete \u9009\u62e9\u9898\u7b54\u9898\u8bb0\u5f55", "content_type": 23, "codename": "delete_choicerecord"}}, {"model": "auth.permission", "pk": 96, "fields": {"name": "Can view \u9009\u62e9\u9898\u7b54\u9898\u8bb0\u5f55", "content_type": 23, "codename": "view_choicerecord"}}, {"model": "auth.permission", "pk": 97, "fields": {"name": "Can add \u586b\u7a7a\u9898\u7b54\u9898\u8bb0\u5f55", "content_type": 24, "codename": "add_fillrecord"}}, {"model": "auth.permission", "pk": 98, "fields": {"name": "Can change \u586b\u7a7a\u9898\u7b54\u9898\u8bb0\u5f55", "content_type": 24, "codename": "change_fillrecord"}}, {"model": "auth.permission", "pk": 99, "fields": {"name": "Can delete \u586b\u7a7a\u9898\u7b54\u9898\u8bb0\u5f55", "content_type": 24, "codename": "delete_fillrecord"}}, {"model": "auth.permission", "pk": 100, "fields": {"name": "Can view \u586b\u7a7a\u9898\u7b54\u9898\u8bb0\u5f55", "content_type": 24, "codename": "view_fillrecord"}}, {"model": "auth.permission", "pk": 101, "fields": {"name": "Can add \u5224\u65ad\u9898\u7b54\u9898\u8bb0\u5f55", "content_type": 25, "codename": "add_judgerecord"}}, {"model": "auth.permission", "pk": 102, "fields": {"name": "Can change \u5224\u65ad\u9898\u7b54\u9898\u8bb0\u5f55", "content_type": 25, "codename": "change_judgerecord"}}, {"model": "auth.permission", "pk": 103, "fields": {"name": "Can delete \u5224\u65ad\u9898\u7b54\u9898\u8bb0\u5f55", "content_type": 25, "codename": "delete_judgerecord"}}, {"model": "auth.permission", "pk": 104, "fields": {"name": "Can view \u5224\u65ad\u9898\u7b54\u9898\u8bb0\u5f55", "content_type": 25, "codename": "view_judgerecord"}}, {"model": "auth.permission", "pk": 105, "fields": {"name": "Can add \u73ed\u7ea7", "content_type": 26, "codename": "add_clazz"}}, {"model": "auth.permission", "pk": 106, "fields": {"name": "Can change \u73ed\u7ea7", "content_type": 26, "codename": "change_clazz"}}, {"model": "auth.permission", "pk": 107, "fields": {"name": "Can delete \u73ed\u7ea7", "content_type": 26, "codename": "delete_clazz"}}, {"model": "auth.permission", "pk": 108, "fields": {"name": "Can view \u73ed\u7ea7", "content_type": 26, "codename": "view_clazz"}}, {"model": "auth.permission", "pk": 109, "fields": {"name": "Can view \u73ed\u7ea7", "content_type": 27, "codename": "view_clazz"}}, {"model": "auth.permission", "pk": 110, "fields": {"name": "Can add \u73ed\u7ea7", "content_type": 27, "codename": "add_clazz"}}, {"model": "auth.permission", "pk": 111, "fields": {"name": "Can change \u73ed\u7ea7", "content_type": 27, "codename": "change_clazz"}}, {"model": "auth.permission", "pk": 112, "fields": {"name": "Can delete \u73ed\u7ea7", "content_type": 27, "codename": "delete_clazz"}}, {"model": "auth.group", "pk": 1, "fields": {"name": "\u6559\u5e08", "permissions": [49, 50, 51, 52, 57, 58, 59, 60, 53, 54, 55, 56, 61, 62, 63, 64, 65, 66, 67, 68, 69, 70, 71, 72, 73, 74, 75, 76, 45, 46, 47, 48]}}, {"model": "auth.user", "pk": 1, "fields": {"password": "pbkdf2_sha256$180000$Zs6aqDxQhEBP$RfyADXelDUm4ifSbFu3Bd4WvaeqDqlXWTebKfN90jyM=", "last_login": "2020-06-20T07:41:09.621Z", "is_superuser": true, "username": "admin", "first_name": "", "last_name": "", "email": "", "is_staff": true, "is_active": true, "date_joined": "2020-03-03T07:50:14.803Z", "groups": [], "user_permissions": []}}, {"model": "auth.user", "pk": 2, "fields": {"password": "pbkdf2_sha256$180000$zMVJPb72axwx$noHG1HazTIcEEYACHB0V2+C2gnWT9U30uqPbGgqRvAg=", "last_login": null, "is_superuser": false, "username": "B20150302231", "first_name": "", "last_name": "", "email": "", "is_staff": false, "is_active": true, "date_joined": "2020-03-03T07:57:00Z", "groups": [], "user_permissions": []}}, {"model": "auth.user", "pk": 3, "fields": {"password": "pbkdf2_sha256$180000$vG4pTBCBC4kx$6u5tfuBZft3BKDUnNlafbygyTfNY1X3K+lXbLJBWcK4=", "last_login": "2020-06-20T06:17:22.316Z", "is_superuser": false, "username": "T10001", "first_name": "", "last_name": "", "email": "", "is_staff": true, "is_active": true, "date_joined": "2020-03-03T08:03:00Z", "groups": [1], "user_permissions": []}}, {"model": "auth.user", "pk": 4, "fields": {"password": "pbkdf2_sha256$180000$kTGngGNUvvW9$+OOpOsnt0FArl32i8wNRuZRs5qMfZAofvZEuRqyzMfA=", "last_login": null, "is_superuser": false, "username": "B20150302128", "first_name": "", "last_name": "", "email": "", "is_staff": false, "is_active": true, "date_joined": "2020-03-03T09:15:00Z", "groups": [], "user_permissions": []}}, {"model": "auth.user", "pk": 8, "fields": {"password": "pbkdf2_sha256$180000$xWkW3g2v4iiq$brbNlpT0jOCLw9B8FqWxN15C8Bg7mXVC8D1yeoEvXeQ=", "last_login": null, "is_superuser": false, "username": "B20160302110", "first_name": "", "last_name": "", "email": "", "is_staff": false, "is_active": true, "date_joined": "2020-04-18T12:25:00Z", "groups": [], "user_permissions": []}}, {"model": "auth.user", "pk": 9, "fields": {"password": "pbkdf2_sha256$180000$HrJHmQaXtPVL$p45jOw6bP4NBdCBNooCsWc4DlmTteSDRCc5M1f9qUJs=", "last_login": null, "is_superuser": false, "username": "B20160302111", "first_name": "", "last_name": "", "email": "", "is_staff": false, "is_active": true, "date_joined": "2020-05-16T07:52:00Z", "groups": [], "user_permissions": []}}, {"model": "auth.user", "pk": 15, "fields": {"password": "pbkdf2_sha256$180000$tMS3JkmmHuLl$RT99VEhCTdinqor7Vrd27HrWP2lEJa6ZZDr6E68/f/0=", "last_login": null, "is_superuser": false, "username": "B123123123", "first_name": "", "last_name": "", "email": "", "is_staff": false, "is_active": true, "date_joined": "2020-06-20T06:14:22.305Z", "groups": [], "user_permissions": []}}, {"model": "auth.user", "pk": 16, "fields": {"password": "pbkdf2_sha256$180000$ETltXkh89YNx$IMCo3pRacBucKZUwPfQSYEKSgjYL1C32EUUMj7J2bck=", "last_login": "2023-02-04T07:18:17.669Z", "is_superuser": true, "username": "thanhnv", "first_name": "", "last_name": "", "email": "abc@def.com", "is_staff": true, "is_active": true, "date_joined": "2023-02-04T07:16:00.488Z", "groups": [], "user_permissions": []}}, {"model": "auth.user", "pk": 17, "fields": {"password": "pbkdf2_sha256$180000$RymnIrTqa5tq$GUaMdQ/12vZ+bVIpNSTKZPkMuibglW0pX91pZthe+2g=", "last_login": null, "is_superuser": false, "username": "thanhnguyen", "first_name": "", "last_name": "", "email": "", "is_staff": false, "is_active": true, "date_joined": "2023-02-04T07:47:56.875Z", "groups": [], "user_permissions": []}}, {"model": "xadmin.usersettings", "pk": 1, "fields": {"user": 1, "key": "dashboard:home:pos", "value": "2"}}, {"model": "xadmin.usersettings", "pk": 2, "fields": {"user": 3, "key": "dashboard:home:pos", "value": ""}}, {"model": "xadmin.usersettings", "pk": 3, "fields": {"user": 16, "key": "dashboard:home:pos", "value": ""}}, {"model": "xadmin.usersettings", "pk": 4, "fields": {"user": 16, "key": "site-theme", "value": "https://bootswatch.com/3/flatly/bootstrap.min.css"}}, {"model": "xadmin.userwidget", "pk": 2, "fields": {"user": 1, "page_id": "home", "widget_type": "chart", "value": "{\"id\": \"2\", \"title\": \"\u8003\u8bd5\u6210\u7ee9\u56fe\u8868\", \"model\": \"exam.grade\"}"}}, {"model": "xadmin.log", "pk": 1, "fields": {"action_time": "2020-03-03T07:57:50.466Z", "user": 1, "ip_addr": "127.0.0.1", "content_type": 4, "object_id": "2", "object_repr": "psf", "action_flag": "create", "message": "\u5df2\u6dfb\u52a0\u3002"}}, {"model": "xadmin.log", "pk": 2, "fields": {"action_time": "2020-03-03T07:58:42.092Z", "user": 1, "ip_addr": "127.0.0.1", "content_type": 4, "object_id": "2", "object_repr": "B20150302231", "action_flag": "change", "message": "\u4fee\u6539 username"}}, {"model": "xadmin.log", "pk": 3, "fields": {"action_time": "2020-03-03T08:00:05.343Z", "user": 1, "ip_addr": "127.0.0.1", "content_type": 12, "object_id": "1", "object_repr": "\u5f6d\u76db\u798f", "action_flag": "create", "message": "\u5df2\u6dfb\u52a0\u3002"}}, {"model": "xadmin.log", "pk": 4, "fields": {"action_time": "2020-03-03T08:03:12.233Z", "user": 1, "ip_addr": "127.0.0.1", "content_type": 4, "object_id": "3", "object_repr": "T10001", "action_flag": "create", "message": "\u5df2\u6dfb\u52a0\u3002"}}, {"model": "xadmin.log", "pk": 5, "fields": {"action_time": "2020-03-03T08:03:47.741Z", "user": 1, "ip_addr": "127.0.0.1", "content_type": 11, "object_id": "1", "object_repr": "\u5ed6\u96ea\u5cf0", "action_flag": "create", "message": "\u5df2\u6dfb\u52a0\u3002"}}, {"model": "xadmin.log", "pk": 6, "fields": {"action_time": "2020-03-03T08:07:23.989Z", "user": 1, "ip_addr": "127.0.0.1", "content_type": 14, "object_id": "1", "object_repr": "Python2020\u4e0b\u5b66\u671f\u671f\u672b\u8bd5\u5377", "action_flag": "create", "message": "\u5df2\u6dfb\u52a0\u3002"}}, {"model": "xadmin.log", "pk": 7, "fields": {"action_time": "2020-03-03T08:07:47.873Z", "user": 1, "ip_addr": "127.0.0.1", "content_type": 13, "object_id": "1", "object_repr": "2020\u4e0b\u5b66\u671fPython\u8003\u8bd5", "action_flag": "create", "message": "\u5df2\u6dfb\u52a0\u3002"}}, {"model": "xadmin.log", "pk": 8, "fields": {"action_time": "2020-03-03T08:08:15.175Z", "user": 1, "ip_addr": "127.0.0.1", "content_type": 15, "object_id": "1", "object_repr": "Grade object (1)", "action_flag": "create", "message": "\u5df2\u6dfb\u52a0\u3002"}}, {"model": "xadmin.log", "pk": 9, "fields": {"action_time": "2020-03-03T08:10:31.450Z", "user": 1, "ip_addr": "127.0.0.1", "content_type": 16, "object_id": "1", "object_repr": "\u6d4b\u8bd5", "action_flag": "create", "message": "\u5df2\u6dfb\u52a0\u3002"}}, {"model": "xadmin.log", "pk": 10, "fields": {"action_time": "2020-03-03T08:11:04.093Z", "user": 1, "ip_addr": "127.0.0.1", "content_type": 17, "object_id": "1", "object_repr": "\u6d4b\u8bd5", "action_flag": "create", "message": "\u5df2\u6dfb\u52a0\u3002"}}, {"model": "xadmin.log", "pk": 11, "fields": {"action_time": "2020-03-03T08:11:23.380Z", "user": 1, "ip_addr": "127.0.0.1", "content_type": 18, "object_id": "1", "object_repr": "\u6d4b\u8bd5", "action_flag": "create", "message": "\u5df2\u6dfb\u52a0\u3002"}}, {"model": "xadmin.log", "pk": 12, "fields": {"action_time": "2020-03-03T08:11:42.153Z", "user": 1, "ip_addr": "127.0.0.1", "content_type": 19, "object_id": "1", "object_repr": "\u6d4b\u8bd5", "action_flag": "create", "message": "\u5df2\u6dfb\u52a0\u3002"}}, {"model": "xadmin.log", "pk": 13, "fields": {"action_time": "2020-03-03T08:50:58.130Z", "user": 1, "ip_addr": "127.0.0.1", "content_type": 3, "object_id": "1", "object_repr": "\u6559\u5e08", "action_flag": "create", "message": "\u5df2\u6dfb\u52a0\u3002"}}, {"model": "xadmin.log", "pk": 14, "fields": {"action_time": "2020-03-03T08:51:32.342Z", "user": 1, "ip_addr": "127.0.0.1", "content_type": 4, "object_id": "3", "object_repr": "T10001", "action_flag": "change", "message": "\u4fee\u6539 groups \u548c is_staff"}}, {"model": "xadmin.log", "pk": 15, "fields": {"action_time": "2020-03-03T09:15:21.286Z", "user": 1, "ip_addr": "127.0.0.1", "content_type": 4, "object_id": "4", "object_repr": "B20150302128", "action_flag": "create", "message": "\u5df2\u6dfb\u52a0\u3002"}}, {"model": "xadmin.log", "pk": 16, "fields": {"action_time": "2020-03-03T09:15:23.040Z", "user": 1, "ip_addr": "127.0.0.1", "content_type": 12, "object_id": "2", "object_repr": "\u9ec4\u4fca\u8d24", "action_flag": "create", "message": "\u5df2\u6dfb\u52a0\u3002"}}, {"model": "xadmin.log", "pk": 17, "fields": {"action_time": "2020-03-03T09:18:40.770Z", "user": 1, "ip_addr": "127.0.0.1", "content_type": 15, "object_id": "2", "object_repr": "\u9ec4\u4fca\u8d24\u76842020\u4e0b\u5b66\u671fPython\u8003\u8bd5\u4e3a80", "action_flag": "create", "message": "\u5df2\u6dfb\u52a0\u3002"}}, {"model": "xadmin.log", "pk": 18, "fields": {"action_time": "2020-03-03T09:39:24.670Z", "user": 1, "ip_addr": "127.0.0.1", "content_type": 15, "object_id": "2", "object_repr": "\u5f6d\u76db\u798f\u76842020\u4e0b\u5b66\u671fPython\u8003\u8bd5\u4e3a80\u5206", "action_flag": "change", "message": "\u4fee\u6539 student"}}, {"model": "xadmin.log", "pk": 19, "fields": {"action_time": "2020-03-03T09:51:41.594Z", "user": 1, "ip_addr": "127.0.0.1", "content_type": 15, "object_id": "2", "object_repr": "2\u7684\u9ec4\u4fca\u8d24\u4e3a80\u5206", "action_flag": "change", "message": "\u4fee\u6539 student"}}, {"model": "xadmin.log", "pk": 20, "fields": {"action_time": "2020-03-03T09:57:36.961Z", "user": 1, "ip_addr": "127.0.0.1", "content_type": 15, "object_id": "3", "object_repr": "3\u7684\u5f6d\u76db\u798f\u4e3a60\u5206", "action_flag": "create", "message": "\u5df2\u6dfb\u52a0\u3002"}}, {"model": "xadmin.log", "pk": 21, "fields": {"action_time": "2020-03-03T09:57:52.756Z", "user": 1, "ip_addr": "127.0.0.1", "content_type": 15, "object_id": "4", "object_repr": "4\u7684\u5f6d\u76db\u798f\u4e3a76\u5206", "action_flag": "create", "message": "\u5df2\u6dfb\u52a0\u3002"}}, {"model": "xadmin.log", "pk": 22, "fields": {"action_time": "2020-03-03T09:58:30.686Z", "user": 1, "ip_addr": "127.0.0.1", "content_type": 15, "object_id": "5", "object_repr": "5\u7684\u5f6d\u76db\u798f\u4e3a77\u5206", "action_flag": "create", "message": "\u5df2\u6dfb\u52a0\u3002"}}, {"model": "xadmin.log", "pk": 23, "fields": {"action_time": "2020-03-04T17:26:06.523Z", "user": 1, "ip_addr": "127.0.0.1", "content_type": 14, "object_id": "2", "object_repr": "2019\u4e0b\u5b66\u671fPython\u8003\u8bd5\u8bd5\u5377", "action_flag": "create", "message": "\u5df2\u6dfb\u52a0\u3002"}}, {"model": "xadmin.log", "pk": 24, "fields": {"action_time": "2020-03-04T17:26:10.753Z", "user": 1, "ip_addr": "127.0.0.1", "content_type": 13, "object_id": "2", "object_repr": "2019\u4e0b\u5b66\u671fPython\u8003\u8bd5", "action_flag": "create", "message": "\u5df2\u6dfb\u52a0\u3002"}}, {"model": "xadmin.log", "pk": 25, "fields": {"action_time": "2020-03-08T07:44:49.108Z", "user": 1, "ip_addr": "127.0.0.1", "content_type": 14, "object_id": "3", "object_repr": "Python2020\u4e0a\u5b66\u671f\u671f\u672b\u8003\u8bd5", "action_flag": "create", "message": "\u5df2\u6dfb\u52a0\u3002"}}, {"model": "xadmin.log", "pk": 26, "fields": {"action_time": "2020-03-08T07:44:54.801Z", "user": 1, "ip_addr": "127.0.0.1", "content_type": 13, "object_id": "3", "object_repr": "2020\u5e74\u4e0a\u5b66\u671fPython\u671f\u672b\u8003\u8bd5", "action_flag": "create", "message": "\u5df2\u6dfb\u52a0\u3002"}}, {"model": "xadmin.log", "pk": 27, "fields": {"action_time": "2020-03-08T14:57:10.006Z", "user": 1, "ip_addr": "127.0.0.1", "content_type": 16, "object_id": "1", "object_repr": "\u6d4b\u8bd5\u6d4b\u8bd5\u6d4b\u8bd5\u6d4b\u8bd5\u6d4b\u8bd5\u6d4b\u8bd5\u6d4b\u8bd5\u6d4b\u8bd5\u6d4b\u8bd5\u6d4b\u8bd5", "action_flag": "change", "message": "\u4fee\u6539 question\uff0canswer_A\uff0canswer_B\uff0canswer_C \u548c answer_D"}}, {"model": "xadmin.log", "pk": 28, "fields": {"action_time": "2020-03-08T14:58:04.640Z", "user": 1, "ip_addr": "127.0.0.1", "content_type": 16, "object_id": "2", "object_repr": "\u6d4b\u8bd52", "action_flag": "create", "message": "\u5df2\u6dfb\u52a0\u3002"}}, {"model": "xadmin.log", "pk": 29, "fields": {"action_time": "2020-03-13T13:36:46.991Z", "user": 1, "ip_addr": "127.0.0.1", "content_type": 16, "object_id": "1", "object_repr": "\u4e0b\u5217\u54ea\u4e2a\u8bed\u53e5\u5728Python\u4e2d\u662f\u975e\u6cd5\u7684\uff1f", "action_flag": "change", "message": "\u4fee\u6539 question\uff0canswer_A\uff0canswer_B\uff0canswer_C\uff0canswer_D \u548c right_answer"}}, {"model": "xadmin.log", "pk": 30, "fields": {"action_time": "2020-03-13T13:37:49.748Z", "user": 1, "ip_addr": "127.0.0.1", "content_type": 16, "object_id": "2", "object_repr": "\u5173\u4e8ePython\u5185\u5b58\u7ba1\u7406\uff0c\u4e0b\u5217\u8bf4\u6cd5\u9519\u8bef\u7684\u662f", "action_flag": "change", "message": "\u4fee\u6539 question\uff0canswer_A\uff0canswer_B\uff0canswer_C\uff0canswer_D \u548c right_answer"}}, {"model": "xadmin.log", "pk": 31, "fields": {"action_time": "2020-03-13T13:39:26.276Z", "user": 1, "ip_addr": "127.0.0.1", "content_type": 16, "object_id": "3", "object_repr": "\u4e0b\u9762\u54ea\u4e2a\u4e0d\u662fPython\u5408\u6cd5\u7684\u6807\u8bc6\u7b26", "action_flag": "create", "message": "\u5df2\u6dfb\u52a0\u3002"}}, {"model": "xadmin.log", "pk": 32, "fields": {"action_time": "2020-03-13T14:06:16.895Z", "user": 1, "ip_addr": "127.0.0.1", "content_type": 16, "object_id": "4", "object_repr": "\u4e0b\u5217\u54ea\u79cd\u8bf4\u6cd5\u662f\u9519\u8bef\u7684", "action_flag": "create", "message": "\u5df2\u6dfb\u52a0\u3002"}}, {"model": "xadmin.log", "pk": 33, "fields": {"action_time": "2020-03-13T14:08:10.027Z", "user": 1, "ip_addr": "127.0.0.1", "content_type": 16, "object_id": "5", "object_repr": "Python\u4e0d\u652f\u6301\u7684\u6570\u636e\u7c7b\u578b\u6709", "action_flag": "create", "message": "\u5df2\u6dfb\u52a0\u3002"}}, {"model": "xadmin.log", "pk": 34, "fields": {"action_time": "2020-03-13T14:09:20.659Z", "user": 1, "ip_addr": "127.0.0.1", "content_type": 16, "object_id": "6", "object_repr": "\u5173\u4e8ePython\u4e2d\u7684\u590d\u6570\uff0c\u4e0b\u5217\u8bf4\u6cd5\u9519\u8bef\u7684\u662f", "action_flag": "create", "message": "\u5df2\u6dfb\u52a0\u3002"}}, {"model": "xadmin.log", "pk": 35, "fields": {"action_time": "2020-03-13T14:10:07.031Z", "user": 1, "ip_addr": "127.0.0.1", "content_type": 16, "object_id": "7", "object_repr": "\u5173\u4e8e\u5b57\u7b26\u4e32\u4e0b\u5217\u8bf4\u6cd5\u9519\u8bef\u7684\u662f", "action_flag": "create", "message": "\u5df2\u6dfb\u52a0\u3002"}}, {"model": "xadmin.log", "pk": 36, "fields": {"action_time": "2020-03-13T14:11:58.204Z", "user": 1, "ip_addr": "127.0.0.1", "content_type": 16, "object_id": "8", "object_repr": "\u4ee5\u4e0b\u4e0d\u80fd\u521b\u5efa\u4e00\u4e2a\u5b57\u5178\u7684\u8bed\u53e5\u662f", "action_flag": "create", "message": "\u5df2\u6dfb\u52a0\u3002"}}, {"model": "xadmin.log", "pk": 37, "fields": {"action_time": "2020-03-13T14:12:42.966Z", "user": 1, "ip_addr": "127.0.0.1", "content_type": 16, "object_id": "9", "object_repr": "\u4e0b\u5217Python\u8bed\u53e5\u6b63\u786e\u7684\u662f", "action_flag": "create", "message": "\u5df2\u6dfb\u52a0\u3002"}}, {"model": "xadmin.log", "pk": 38, "fields": {"action_time": "2020-03-13T14:13:24.312Z", "user": 1, "ip_addr": "127.0.0.1", "content_type": 16, "object_id": "10", "object_repr": "\u8ba1\u7b97\u673a\u4e2d\u4fe1\u606f\u5904\u7406\u548c\u4fe1\u606f\u50a8\u5b58\u7528", "action_flag": "create", "message": "\u5df2\u6dfb\u52a0\u3002"}}, {"model": "xadmin.log", "pk": 39, "fields": {"action_time": "2020-03-14T15:38:29.993Z", "user": 1, "ip_addr": "127.0.0.1", "content_type": 17, "object_id": "1", "object_repr": "Python \u91cc\u7528\u6765\u544a\u77e5\u89e3\u91ca\u5668\u8df3\u8fc7\u5f53\u524d\u5faa\u73af\u4e2d\u7684\u5269\u4f59\u8bed\u53e5\uff0c\u7136\u540e\u7ee7\u7eed\u8fdb\u884c\u4e0b\u4e00\u8f6e\u5faa\u73af\uff0c\u6b64\u5173\u952e\u8bcd\u662f__\u3002", "action_flag": "change", "message": "\u4fee\u6539 question \u548c right_answer"}}, {"model": "xadmin.log", "pk": 40, "fields": {"action_time": "2020-03-14T15:54:22.626Z", "user": 1, "ip_addr": "127.0.0.1", "content_type": 18, "object_id": "1", "object_repr": "\u5217\u8868\u4e2d\u7684\u5143\u7d20\u53ef\u4ee5\u662f\u4e0d\u540c\u6570\u636e\u7c7b\u578b", "action_flag": "change", "message": "\u4fee\u6539 question"}}, {"model": "xadmin.log", "pk": 41, "fields": {"action_time": "2020-03-14T15:58:03.761Z", "user": 1, "ip_addr": "127.0.0.1", "content_type": 19, "object_id": "1", "object_repr": "\u5b9a\u4e49\u4e00\u4e2a\u65b9\u6cd5\uff0c\u8ba1\u7b97\u4e24\u4e2a\u6570\u7684\u548c", "action_flag": "change", "message": "\u4fee\u6539 question \u548c analysis"}}, {"model": "xadmin.log", "pk": 42, "fields": {"action_time": "2020-03-15T07:03:01.371Z", "user": 1, "ip_addr": "127.0.0.1", "content_type": 18, "object_id": "2", "object_repr": "\u5143\u7ec4\u4e2d\u7684\u5143\u7d20\u53ea\u80fd\u662f\u540c\u4e00\u6570\u636e\u7c7b\u578b", "action_flag": "create", "message": "\u5df2\u6dfb\u52a0\u3002"}}, {"model": "xadmin.log", "pk": 43, "fields": {"action_time": "2020-03-15T07:03:17.342Z", "user": 1, "ip_addr": "127.0.0.1", "content_type": 18, "object_id": "3", "object_repr": "\u5143\u7ec4\u4e2d\u7684\u5143\u7d20\u662f\u4e0d\u53ef\u66f4\u6539\u7684", "action_flag": "create", "message": "\u5df2\u6dfb\u52a0\u3002"}}, {"model": "xadmin.log", "pk": 44, "fields": {"action_time": "2020-03-15T07:03:32.334Z", "user": 1, "ip_addr": "127.0.0.1", "content_type": 18, "object_id": "4", "object_repr": "\u5b57\u5178\u4e2d\u53ef\u4ee5\u6dfb\u52a0\u65b0\u7684\u952e-\u503c", "action_flag": "create", "message": "\u5df2\u6dfb\u52a0\u3002"}}, {"model": "xadmin.log", "pk": 45, "fields": {"action_time": "2020-03-15T07:04:03.627Z", "user": 1, "ip_addr": "127.0.0.1", "content_type": 18, "object_id": "5", "object_repr": "a = 1; a = a + 1;\u524d\u8005a\u7684\u5730\u5740\u4e0e\u540e\u8005a\u7684\u5730\u5740\u76f8\u540c", "action_flag": "create", "message": "\u5df2\u6dfb\u52a0\u3002"}}, {"model": "xadmin.log", "pk": 46, "fields": {"action_time": "2020-03-15T07:04:26.576Z", "user": 1, "ip_addr": "127.0.0.1", "content_type": 18, "object_id": "6", "object_repr": "a = [1, 2, 3]; a.append(7); \u524d\u8005a\u7684\u5730\u5740\u4e0e\u540e\u8005a\u7684\u5730\u5740\u76f8\u540c", "action_flag": "create", "message": "\u5df2\u6dfb\u52a0\u3002"}}, {"model": "xadmin.log", "pk": 47, "fields": {"action_time": "2020-03-15T07:05:13.125Z", "user": 1, "ip_addr": "127.0.0.1", "content_type": 18, "object_id": "7", "object_repr": "a = {\u2018a\u2019:1, \u2018b\u2019:2}; a[\u2018c\u2019] = 3; \u524d\u8005a\u7684\u5730\u5740\u4e0e\u540e\u8005a\u7684\u5730\u5740\u76f8\u540c", "action_flag": "create", "message": "\u5df2\u6dfb\u52a0\u3002"}}, {"model": "xadmin.log", "pk": 48, "fields": {"action_time": "2020-03-15T07:05:29.968Z", "user": 1, "ip_addr": "127.0.0.1", "content_type": 18, "object_id": "8", "object_repr": "\u5728\u51fd\u6570\u4e2d\uff0c\u4f20\u5165\u6570\u5b57\u3001\u5b57\u7b26\u6216\u8005\u5143\u7ec4\u7b49\u4e0d\u53ef\u53d8\u5bf9\u8c61\u5c5e\u4e8e\u503c\u4f20\u9012", "action_flag": "create", "message": "\u5df2\u6dfb\u52a0\u3002"}}, {"model": "xadmin.log", "pk": 49, "fields": {"action_time": "2020-03-15T07:05:45.933Z", "user": 1, "ip_addr": "127.0.0.1", "content_type": 18, "object_id": "9", "object_repr": "\u5728\u51fd\u6570\u4e2d\uff0c\u4f20\u5165\u5217\u8868\u3001\u5b57\u5178\u7b49\u53ef\u53d8\u5bf9\u8c61\u5c5e\u4e8e\u5f15\u7528\u4f20\u9012", "action_flag": "create", "message": "\u5df2\u6dfb\u52a0\u3002"}}, {"model": "xadmin.log", "pk": 50, "fields": {"action_time": "2020-03-15T07:06:12.285Z", "user": 1, "ip_addr": "127.0.0.1", "content_type": 18, "object_id": "10", "object_repr": "\u5728\u51fd\u6570\u4e2d\uff0c\u5b9a\u4e49fun(a=1, b),\u6309\u7167fun(2)\u8c03\u7528, \u8fd0\u884c\u4e0d\u4f1a\u62a5\u9519", "action_flag": "create", "message": "\u5df2\u6dfb\u52a0\u3002"}}, {"model": "xadmin.log", "pk": 51, "fields": {"action_time": "2020-03-15T07:15:49.330Z", "user": 1, "ip_addr": "127.0.0.1", "content_type": 17, "object_id": "1", "object_repr": "Python\u6807\u51c6\u5e93math\u4e2d\u7528\u6765\u8ba1\u7b97\u5e73\u65b9\u6839\u7684\u51fd\u6570\u662f__________\u3002", "action_flag": "change", "message": "\u4fee\u6539 question \u548c right_answer"}}, {"model": "xadmin.log", "pk": 52, "fields": {"action_time": "2020-03-15T07:16:25.936Z", "user": 1, "ip_addr": "127.0.0.1", "content_type": 17, "object_id": "2", "object_repr": "\u5728Python\u4e2d__________\u8868\u793a\u7a7a\u7c7b\u578b\u3002", "action_flag": "create", "message": "\u5df2\u6dfb\u52a0\u3002"}}, {"model": "xadmin.log", "pk": 53, "fields": {"action_time": "2020-03-15T07:16:47.937Z", "user": 1, "ip_addr": "127.0.0.1", "content_type": 17, "object_id": "3", "object_repr": "\u5217\u8868\u3001\u5143\u7ec4\u3001\u5b57\u7b26\u4e32\u662fPython\u7684_________(\u6709\u5e8f\uff1f\u65e0\u5e8f)\u5e8f\u5217", "action_flag": "create", "message": "\u5df2\u6dfb\u52a0\u3002"}}, {"model": "xadmin.log", "pk": 54, "fields": {"action_time": "2020-03-15T07:17:06.665Z", "user": 1, "ip_addr": "127.0.0.1", "content_type": 17, "object_id": "4", "object_repr": "\u67e5\u770b\u53d8\u91cf\u7c7b\u578b\u7684Python\u5185\u7f6e\u51fd\u6570\u662f________________\u3002", "action_flag": "create", "message": "\u5df2\u6dfb\u52a0\u3002"}}, {"model": "xadmin.log", "pk": 55, "fields": {"action_time": "2020-03-15T07:17:27.490Z", "user": 1, "ip_addr": "127.0.0.1", "content_type": 17, "object_id": "5", "object_repr": "\u67e5\u770b\u53d8\u91cf\u5185\u5b58\u5730\u5740\u7684Python\u5185\u7f6e\u51fd\u6570\u662f_________________\u3002", "action_flag": "create", "message": "\u5df2\u6dfb\u52a0\u3002"}}, {"model": "xadmin.log", "pk": 56, "fields": {"action_time": "2020-03-15T07:17:41.506Z", "user": 1, "ip_addr": "127.0.0.1", "content_type": 17, "object_id": "4", "object_repr": "\u67e5\u770b\u53d8\u91cf\u7c7b\u578b\u7684Python\u5185\u7f6e\u51fd\u6570\u662f________________\u3002", "action_flag": "change", "message": "\u4fee\u6539 right_answer"}}, {"model": "xadmin.log", "pk": 57, "fields": {"action_time": "2020-03-15T07:18:28.200Z", "user": 1, "ip_addr": "127.0.0.1", "content_type": 17, "object_id": "6", "object_repr": "\u8868\u8fbe\u5f0f[1,\u20022,\u20023]*3\u7684\u6267\u884c\u7ed3\u679c\u4e3a______________________\u3002", "action_flag": "create", "message": "\u5df2\u6dfb\u52a0\u3002"}}, {"model": "xadmin.log", "pk": 58, "fields": {"action_time": "2020-03-15T07:19:29.114Z", "user": 1, "ip_addr": "127.0.0.1", "content_type": 17, "object_id": "7", "object_repr": "list(map(str,\u2002[1,\u20022,\u20023]))\u7684\u6267\u884c\u7ed3\u679c\u4e3a_____________________\u3002", "action_flag": "create", "message": "\u5df2\u6dfb\u52a0\u3002"}}, {"model": "xadmin.log", "pk": 59, "fields": {"action_time": "2020-03-20T12:33:55.822Z", "user": 1, "ip_addr": "127.0.0.1", "content_type": 19, "object_id": "1", "object_repr": "\u5b9a\u4e49\u4e00\u4e2a\u65b9\u6cd5\uff0c\u8ba1\u7b97\u4e24\u4e2a\u6570\u7684\u548c", "action_flag": "change", "message": "\u4fee\u6539 answer_template"}}, {"model": "xadmin.log", "pk": 60, "fields": {"action_time": "2020-04-04T02:52:17.771Z", "user": 1, "ip_addr": "127.0.0.1", "content_type": 13, "object_id": "1", "object_repr": "2020\u4e0b\u5b66\u671fPython\u8003\u8bd5", "action_flag": "change", "message": "\u4fee\u6539 students"}}, {"model": "xadmin.log", "pk": 61, "fields": {"action_time": "2020-04-04T02:56:37.247Z", "user": 1, "ip_addr": "127.0.0.1", "content_type": 17, "object_id": "8", "object_repr": "\u5df2\u77e5\u2002x\u2002=\u20023\uff0c\u5e76\u4e14id(x)\u7684\u8fd4\u56de\u503c\u4e3a\u2002496103280\uff0c\u90a3\u4e48\u6267\u884c\u8bed\u53e5\u2002x\u2002+=\u20026\u2002\u4e4b\u540e\uff0c\u8868\u8fbe\u5f0f\u2002id(x)\u2002==\u2002\r\n496103280\u2002\u7684\u503c\u4e3a___________\u3002", "action_flag": "create", "message": "\u5df2\u6dfb\u52a0\u3002"}}, {"model": "xadmin.log", "pk": 62, "fields": {"action_time": "2020-04-04T02:57:29.664Z", "user": 1, "ip_addr": "127.0.0.1", "content_type": 17, "object_id": "9", "object_repr": "\u5df2\u77e5\u2002x\u2002=\u20023\uff0c\u90a3\u4e48\u6267\u884c\u8bed\u53e5\u2002x\u2002*=\u20026\u2002\u4e4b\u540e\uff0cx\u7684\u503c\u4e3a________________\u3002", "action_flag": "create", "message": "\u5df2\u6dfb\u52a0\u3002"}}, {"model": "xadmin.log", "pk": 63, "fields": {"action_time": "2020-04-04T02:58:31.061Z", "user": 1, "ip_addr": "127.0.0.1", "content_type": 17, "object_id": "10", "object_repr": "\u8868\u8fbe\u5f0f\u201c[3]\u2002in\u2002[1,\u20022,\u20023,\u20024]\u201d\u7684\u503c\u4e3a________________\u3002", "action_flag": "create", "message": "\u5df2\u6dfb\u52a0\u3002"}}, {"model": "xadmin.log", "pk": 64, "fields": {"action_time": "2020-04-06T14:39:39.809Z", "user": 1, "ip_addr": "127.0.0.1", "content_type": 14, "object_id": "3", "object_repr": "2020\u4e0a\u5b66\u671fPython\u671f\u672b\u8003\u8bd5", "action_flag": "change", "message": "\u4fee\u6539 program_number"}}, {"model": "xadmin.log", "pk": 65, "fields": {"action_time": "2020-04-06T14:39:45.960Z", "user": 1, "ip_addr": "127.0.0.1", "content_type": 14, "object_id": "3", "object_repr": "2020\u4e0a\u5b66\u671fPython\u671f\u672b\u8003\u8bd5", "action_flag": "change", "message": "\u4fee\u6539 program_number"}}, {"model": "xadmin.log", "pk": 66, "fields": {"action_time": "2020-04-06T14:40:27.121Z", "user": 1, "ip_addr": "127.0.0.1", "content_type": 13, "object_id": "3", "object_repr": "2020\u5e74\u4e0a\u5b66\u671fPython\u8003\u8bd5", "action_flag": "change", "message": "\u4fee\u6539 name \u548c students"}}, {"model": "xadmin.log", "pk": 67, "fields": {"action_time": "2020-04-06T14:40:55.097Z", "user": 1, "ip_addr": "127.0.0.1", "content_type": 13, "object_id": "3", "object_repr": "2020\u4e0a\u5b66\u671fPython\u8003\u8bd5", "action_flag": "change", "message": "\u4fee\u6539 name \u548c students"}}, {"model": "xadmin.log", "pk": 68, "fields": {"action_time": "2020-04-06T14:41:10.716Z", "user": 1, "ip_addr": "127.0.0.1", "content_type": 13, "object_id": "3", "object_repr": "2020\u4e0a\u5b66\u671fPython\u8003\u8bd5", "action_flag": "change", "message": "\u4fee\u6539 students"}}, {"model": "xadmin.log", "pk": 69, "fields": {"action_time": "2020-04-06T14:41:58.075Z", "user": 1, "ip_addr": "127.0.0.1", "content_type": 14, "object_id": "4", "object_repr": "2019\u4e0a\u5b66\u671fPython\u8003\u8bd5", "action_flag": "create", "message": "\u5df2\u6dfb\u52a0\u3002"}}, {"model": "xadmin.log", "pk": 70, "fields": {"action_time": "2020-04-06T14:42:44.023Z", "user": 1, "ip_addr": "127.0.0.1", "content_type": 13, "object_id": "4", "object_repr": "2019\u4e0a\u5b66\u671fPython\u8003\u8bd5", "action_flag": "create", "message": "\u5df2\u6dfb\u52a0\u3002"}}, {"model": "xadmin.log", "pk": 71, "fields": {"action_time": "2020-04-06T14:43:04.089Z", "user": 1, "ip_addr": "127.0.0.1", "content_type": 14, "object_id": "4", "object_repr": "2019\u4e0a\u5b66\u671fPython\u8003\u8bd5\u8bd5\u5377", "action_flag": "change", "message": "\u4fee\u6539 name"}}, {"model": "xadmin.log", "pk": 72, "fields": {"action_time": "2020-04-18T12:15:10.083Z", "user": 1, "ip_addr": "127.0.0.1", "content_type": null, "object_id": null, "object_repr": "", "action_flag": "delete", "message": "\u6279\u91cf\u5220\u9664 3 \u4e2a \u5b66\u751f"}}, {"model": "xadmin.log", "pk": 73, "fields": {"action_time": "2020-04-18T12:15:24.802Z", "user": 1, "ip_addr": "127.0.0.1", "content_type": null, "object_id": null, "object_repr": "", "action_flag": "delete", "message": "\u6279\u91cf\u5220\u9664 3 \u4e2a \u7528\u6237"}}, {"model": "xadmin.log", "pk": 74, "fields": {"action_time": "2020-04-20T12:07:08.679Z", "user": 1, "ip_addr": "127.0.0.1", "content_type": 3, "object_id": "1", "object_repr": "\u6559\u5e08", "action_flag": "change", "message": "\u4fee\u6539 permissions"}}, {"model": "xadmin.log", "pk": 75, "fields": {"action_time": "2020-04-20T12:07:25.345Z", "user": 1, "ip_addr": "127.0.0.1", "content_type": 12, "object_id": "1", "object_repr": "\u5f6d\u76db\u798f", "action_flag": "change", "message": "\u4fee\u6539 gender"}}, {"model": "xadmin.log", "pk": 76, "fields": {"action_time": "2020-04-25T12:04:10.809Z", "user": 1, "ip_addr": "127.0.0.1", "content_type": 26, "object_id": "1", "object_repr": "2016\u8ba1\u7b97\u673a\u79d1\u5b66\u4e0e\u6280\u672f01", "action_flag": "create", "message": "\u5df2\u6dfb\u52a0\u3002"}}, {"model": "xadmin.log", "pk": 77, "fields": {"action_time": "2020-04-25T12:04:19.408Z", "user": 1, "ip_addr": "127.0.0.1", "content_type": 26, "object_id": "2", "object_repr": "2016\u8ba1\u7b97\u673a\u79d1\u5b66\u4e0e\u6280\u672f02", "action_flag": "create", "message": "\u5df2\u6dfb\u52a0\u3002"}}, {"model": "xadmin.log", "pk": 78, "fields": {"action_time": "2020-04-25T12:04:25.158Z", "user": 1, "ip_addr": "127.0.0.1", "content_type": 26, "object_id": "3", "object_repr": "2016\u8ba1\u7b97\u673a\u79d1\u5b66\u4e0e\u6280\u672f03", "action_flag": "create", "message": "\u5df2\u6dfb\u52a0\u3002"}}, {"model": "xadmin.log", "pk": 79, "fields": {"action_time": "2020-04-25T12:04:32.697Z", "user": 1, "ip_addr": "127.0.0.1", "content_type": 26, "object_id": "4", "object_repr": "2016\u8ba1\u7b97\u673a\u79d1\u5b66\u4e0e\u6280\u672f04", "action_flag": "create", "message": "\u5df2\u6dfb\u52a0\u3002"}}, {"model": "xadmin.log", "pk": 80, "fields": {"action_time": "2020-04-25T13:34:28.041Z", "user": 1, "ip_addr": "127.0.0.1", "content_type": 27, "object_id": "1", "object_repr": "2016\u8ba1\u7b97\u673a\u79d1\u5b66\u4e0e\u6280\u672f01", "action_flag": "create", "message": "\u5df2\u6dfb\u52a0\u3002"}}, {"model": "xadmin.log", "pk": 81, "fields": {"action_time": "2020-04-25T13:34:32.220Z", "user": 1, "ip_addr": "127.0.0.1", "content_type": 27, "object_id": "2", "object_repr": "2016\u8ba1\u7b97\u673a\u79d1\u5b66\u4e0e\u6280\u672f02", "action_flag": "create", "message": "\u5df2\u6dfb\u52a0\u3002"}}, {"model": "xadmin.log", "pk": 82, "fields": {"action_time": "2020-04-25T13:34:37.834Z", "user": 1, "ip_addr": "127.0.0.1", "content_type": 27, "object_id": "3", "object_repr": "2016\u8ba1\u7b97\u673a\u79d1\u5b66\u4e0e\u6280\u672f03", "action_flag": "create", "message": "\u5df2\u6dfb\u52a0\u3002"}}, {"model": "xadmin.log", "pk": 83, "fields": {"action_time": "2020-04-25T13:34:43.457Z", "user": 1, "ip_addr": "127.0.0.1", "content_type": 27, "object_id": "4", "object_repr": "2016\u8ba1\u7b97\u673a\u79d1\u5b66\u4e0e\u6280\u672f04", "action_flag": "create", "message": "\u5df2\u6dfb\u52a0\u3002"}}, {"model": "xadmin.log", "pk": 84, "fields": {"action_time": "2020-04-25T13:45:44.405Z", "user": 1, "ip_addr": "127.0.0.1", "content_type": 13, "object_id": "1", "object_repr": "2020\u4e0b\u5b66\u671fPython\u8003\u8bd5", "action_flag": "change", "message": "\u4fee\u6539 clazzs"}}, {"model": "xadmin.log", "pk": 85, "fields": {"action_time": "2020-04-25T13:46:10.826Z", "user": 1, "ip_addr": "127.0.0.1", "content_type": 13, "object_id": "2", "object_repr": "2019\u4e0b\u5b66\u671fPython\u8003\u8bd5", "action_flag": "change", "message": "\u4fee\u6539 clazzs"}}, {"model": "xadmin.log", "pk": 86, "fields": {"action_time": "2020-04-25T13:46:32.601Z", "user": 1, "ip_addr": "127.0.0.1", "content_type": 13, "object_id": "3", "object_repr": "2020\u4e0a\u5b66\u671fPython\u8003\u8bd5", "action_flag": "change", "message": "\u4fee\u6539 clazzs"}}, {"model": "xadmin.log", "pk": 87, "fields": {"action_time": "2020-04-25T13:46:47.945Z", "user": 1, "ip_addr": "127.0.0.1", "content_type": 13, "object_id": "4", "object_repr": "2019\u4e0a\u5b66\u671fPython\u8003\u8bd5", "action_flag": "change", "message": "\u4fee\u6539 clazzs"}}, {"model": "xadmin.log", "pk": 88, "fields": {"action_time": "2020-05-16T06:25:07.648Z", "user": 1, "ip_addr": "127.0.0.1", "content_type": 3, "object_id": "1", "object_repr": "\u6559\u5e08", "action_flag": "change", "message": "\u4fee\u6539 permissions"}}, {"model": "xadmin.log", "pk": 89, "fields": {"action_time": "2020-05-16T07:34:06.057Z", "user": 1, "ip_addr": "127.0.0.1", "content_type": null, "object_id": null, "object_repr": "", "action_flag": "delete", "message": "\u6279\u91cf\u5220\u9664 1 \u4e2a \u5b66\u751f"}}, {"model": "xadmin.log", "pk": 90, "fields": {"action_time": "2020-05-16T07:52:38.684Z", "user": 1, "ip_addr": "127.0.0.1", "content_type": 4, "object_id": "9", "object_repr": "B20150302111", "action_flag": "create", "message": "\u5df2\u6dfb\u52a0\u3002"}}, {"model": "xadmin.log", "pk": 91, "fields": {"action_time": "2020-06-05T03:27:54.593Z", "user": 1, "ip_addr": "127.0.0.1", "content_type": 4, "object_id": "2", "object_repr": "B20160302231", "action_flag": "change", "message": "\u4fee\u6539 username"}}, {"model": "xadmin.log", "pk": 92, "fields": {"action_time": "2020-06-05T03:28:09.408Z", "user": 1, "ip_addr": "127.0.0.1", "content_type": 4, "object_id": "4", "object_repr": "B20160302128", "action_flag": "change", "message": "\u4fee\u6539 username"}}, {"model": "xadmin.log", "pk": 93, "fields": {"action_time": "2020-06-05T03:28:20.851Z", "user": 1, "ip_addr": "127.0.0.1", "content_type": 4, "object_id": "9", "object_repr": "B20160302111", "action_flag": "change", "message": "\u4fee\u6539 username"}}, {"model": "xadmin.log", "pk": 94, "fields": {"action_time": "2020-06-05T03:28:38.593Z", "user": 1, "ip_addr": "127.0.0.1", "content_type": 4, "object_id": "8", "object_repr": "B20160302110", "action_flag": "change", "message": "\u4fee\u6539 username"}}, {"model": "xadmin.log", "pk": 95, "fields": {"action_time": "2020-06-05T03:29:03.021Z", "user": 1, "ip_addr": "127.0.0.1", "content_type": 12, "object_id": "8", "object_repr": "\u5f20\u5b87\u6606", "action_flag": "change", "message": "\u4fee\u6539 name"}}, {"model": "xadmin.log", "pk": 96, "fields": {"action_time": "2020-06-05T03:29:20.395Z", "user": 1, "ip_addr": "127.0.0.1", "content_type": 12, "object_id": "8", "object_repr": "\u5f20\u5b87\u6606", "action_flag": "change", "message": "\u6ca1\u6709\u5b57\u6bb5\u88ab\u4fee\u6539\u3002"}}, {"model": "xadmin.log", "pk": 97, "fields": {"action_time": "2020-06-05T03:29:34.002Z", "user": 1, "ip_addr": "127.0.0.1", "content_type": 12, "object_id": "9", "object_repr": "\u6768\u5f64", "action_flag": "change", "message": "\u4fee\u6539 name"}}, {"model": "xadmin.log", "pk": 98, "fields": {"action_time": "2020-06-05T07:00:33.490Z", "user": 1, "ip_addr": "127.0.0.1", "content_type": null, "object_id": null, "object_repr": "", "action_flag": "delete", "message": "\u6279\u91cf\u5220\u9664 2 \u4e2a \u9009\u62e9\u9898"}}, {"model": "xadmin.log", "pk": 99, "fields": {"action_time": "2020-06-05T07:08:00.548Z", "user": 1, "ip_addr": "127.0.0.1", "content_type": null, "object_id": null, "object_repr": "", "action_flag": "delete", "message": "\u6279\u91cf\u5220\u9664 2 \u4e2a \u9009\u62e9\u9898"}}, {"model": "xadmin.log", "pk": 100, "fields": {"action_time": "2020-06-11T06:35:04.819Z", "user": 1, "ip_addr": "127.0.0.1", "content_type": null, "object_id": null, "object_repr": "", "action_flag": "delete", "message": "\u6279\u91cf\u5220\u9664 1 \u4e2a \u7528\u6237"}}, {"model": "xadmin.log", "pk": 101, "fields": {"action_time": "2020-06-11T06:53:57.299Z", "user": 1, "ip_addr": "127.0.0.1", "content_type": null, "object_id": null, "object_repr": "", "action_flag": "delete", "message": "\u6279\u91cf\u5220\u9664 2 \u4e2a \u7528\u6237"}}, {"model": "xadmin.log", "pk": 102, "fields": {"action_time": "2020-06-20T00:42:15.263Z", "user": 1, "ip_addr": "127.0.0.1", "content_type": null, "object_id": null, "object_repr": "", "action_flag": "delete", "message": "\u6279\u91cf\u5220\u9664 1 \u4e2a \u5b66\u751f"}}, {"model": "xadmin.log", "pk": 103, "fields": {"action_time": "2020-06-20T00:42:36.781Z", "user": 1, "ip_addr": "127.0.0.1", "content_type": null, "object_id": null, "object_repr": "", "action_flag": "delete", "message": "\u6279\u91cf\u5220\u9664 1 \u4e2a \u7528\u6237"}}, {"model": "xadmin.log", "pk": 104, "fields": {"action_time": "2020-06-20T01:31:57.169Z", "user": 1, "ip_addr": "127.0.0.1", "content_type": 19, "object_id": "2", "object_repr": "\u5b9a\u4e49\u4e00\u4e2a\u65b9\u6cd5\uff0c\u8ba1\u7b97\u4e24\u4e2a\u6570\u7684\u5dee", "action_flag": "create", "message": "\u5df2\u6dfb\u52a0\u3002"}}, {"model": "xadmin.log", "pk": 105, "fields": {"action_time": "2020-06-20T01:34:25.067Z", "user": 1, "ip_addr": "127.0.0.1", "content_type": 19, "object_id": "3", "object_repr": "\u5b9a\u4e49\u4e00\u4e2a\u65b9\u6cd5\uff0c\u8ba1\u7b97\u4e24\u4e2a\u6570\u7684\u79ef", "action_flag": "create", "message": "\u5df2\u6dfb\u52a0\u3002"}}, {"model": "xadmin.log", "pk": 106, "fields": {"action_time": "2020-06-20T01:38:54.484Z", "user": 1, "ip_addr": "127.0.0.1", "content_type": 19, "object_id": "3", "object_repr": "\u5b9a\u4e49\u4e00\u4e2a\u65b9\u6cd5\uff0c\u8ba1\u7b97\u4e24\u4e2a\u6570\u7684\u79ef", "action_flag": "change", "message": "\u4fee\u6539 answer_template"}}, {"model": "xadmin.log", "pk": 107, "fields": {"action_time": "2020-06-20T01:39:16.231Z", "user": 1, "ip_addr": "127.0.0.1", "content_type": 19, "object_id": "1", "object_repr": "\u5b9a\u4e49\u4e00\u4e2a\u65b9\u6cd5\uff0c\u8ba1\u7b97\u4e24\u4e2a\u6570\u7684\u548c", "action_flag": "change", "message": "\u4fee\u6539 answer_template"}}, {"model": "xadmin.log", "pk": 108, "fields": {"action_time": "2020-06-20T01:40:55.054Z", "user": 1, "ip_addr": "127.0.0.1", "content_type": 4, "object_id": "2", "object_repr": "B20150302231", "action_flag": "change", "message": "\u4fee\u6539 username"}}, {"model": "xadmin.log", "pk": 109, "fields": {"action_time": "2020-06-20T01:41:06.432Z", "user": 1, "ip_addr": "127.0.0.1", "content_type": 4, "object_id": "4", "object_repr": "B20150302128", "action_flag": "change", "message": "\u4fee\u6539 username"}}, {"model": "xadmin.log", "pk": 110, "fields": {"action_time": "2020-06-20T01:49:22.118Z", "user": 1, "ip_addr": "127.0.0.1", "content_type": 19, "object_id": "2", "object_repr": "\u5b9a\u4e49\u4e00\u4e2a\u65b9\u6cd5\uff0c\u8ba1\u7b97\u4e24\u4e2a\u6570\u7684\u5dee", "action_flag": "change", "message": "\u4fee\u6539 test_case"}}, {"model": "xadmin.log", "pk": 111, "fields": {"action_time": "2020-06-20T02:44:07.295Z", "user": 1, "ip_addr": "127.0.0.1", "content_type": null, "object_id": null, "object_repr": "", "action_flag": "delete", "message": "\u6279\u91cf\u5220\u9664 2 \u4e2a \u9009\u62e9\u9898"}}, {"model": "xadmin.log", "pk": 112, "fields": {"action_time": "2020-06-20T05:33:21.685Z", "user": 1, "ip_addr": "127.0.0.1", "content_type": null, "object_id": null, "object_repr": "", "action_flag": "delete", "message": "\u6279\u91cf\u5220\u9664 1 \u4e2a \u5b66\u751f"}}, {"model": "xadmin.log", "pk": 113, "fields": {"action_time": "2020-06-20T05:33:29.409Z", "user": 1, "ip_addr": "127.0.0.1", "content_type": null, "object_id": null, "object_repr": "", "action_flag": "delete", "message": "\u6279\u91cf\u5220\u9664 1 \u4e2a \u7528\u6237"}}, {"model": "xadmin.log", "pk": 114, "fields": {"action_time": "2020-06-20T07:41:33.480Z", "user": 1, "ip_addr": "127.0.0.1", "content_type": null, "object_id": null, "object_repr": "", "action_flag": "delete", "message": "\u6279\u91cf\u5220\u9664 2 \u4e2a \u9009\u62e9\u9898"}}, {"model": "user.student", "pk": 1, "fields": {"name": "\u5f6d\u76db\u798f", "user": 2, "gender": "m", "clazz": 1}}, {"model": "user.student", "pk": 2, "fields": {"name": "\u9ec4\u4fca\u8d24", "user": 4, "gender": "m", "clazz": 4}}, {"model": "user.student", "pk": 8, "fields": {"name": "\u5f20\u5b87\u6606", "user": 8, "gender": "m", "clazz": 4}}, {"model": "user.student", "pk": 9, "fields": {"name": "\u6768\u5f64", "user": 9, "gender": "m", "clazz": 4}}, {"model": "user.student", "pk": 12, "fields": {"name": "\u5c0f\u540d", "user": 15, "gender": "m", "clazz": 4}}, {"model": "user.student", "pk": 13, "fields": {"name": "thanh", "user": 17, "gender": "", "clazz": 1}}, {"model": "user.teacher", "pk": 1, "fields": {"name": "\u5ed6\u96ea\u5cf0", "gender": "\u7537", "title": "\u6559\u6388", "institute": "\u8ba1\u7b97\u673a\u5de5\u7a0b\u4e0e\u5e94\u7528\u6570\u5b66", "user": 3}}, {"model": "admin.logentry", "pk": 1, "fields": {"action_time": "2020-05-16T07:54:25.969Z", "user": 1, "content_type": 12, "object_id": "8", "object_repr": "\u674e\u4f9d\u4f26", "action_flag": 1, "change_message": "new through import_export"}}, {"model": "admin.logentry", "pk": 2, "fields": {"action_time": "2020-05-16T07:54:25.969Z", "user": 1, "content_type": 12, "object_id": "9", "object_repr": "\u6768\u9e4f", "action_flag": 1, "change_message": "new through import_export"}}, {"model": "admin.logentry", "pk": 3, "fields": {"action_time": "2020-06-05T07:00:05.163Z", "user": 1, "content_type": 16, "object_id": "11", "object_repr": "\u4e0b\u5217\u54ea\u4e2a\u65f6Python\u4e2d\u4e0d\u53d8\u7684\u6570\u636e\u7ed3\u6784", "action_flag": 1, "change_message": "new through import_export"}}, {"model": "admin.logentry", "pk": 4, "fields": {"action_time": "2020-06-05T07:00:05.164Z", "user": 1, "content_type": 16, "object_id": "12", "object_repr": "\u89e3\u91ca\u578b\u8bed\u8a00\u7684\u7279\u6027\u6709\u4ec0\u4e48", "action_flag": 1, "change_message": "new through import_export"}}, {"model": "admin.logentry", "pk": 5, "fields": {"action_time": "2020-06-05T07:07:38.557Z", "user": 1, "content_type": 16, "object_id": "11", "object_repr": "\u4e0b\u5217\u54ea\u4e2a\u65f6Python\u4e2d\u4e0d\u53d8\u7684\u6570\u636e\u7ed3\u6784", "action_flag": 1, "change_message": "new through import_export"}}, {"model": "admin.logentry", "pk": 6, "fields": {"action_time": "2020-06-05T07:07:38.558Z", "user": 1, "content_type": 16, "object_id": "12", "object_repr": "\u89e3\u91ca\u578b\u8bed\u8a00\u7684\u7279\u6027\u6709\u4ec0\u4e48", "action_flag": 1, "change_message": "new through import_export"}}, {"model": "admin.logentry", "pk": 7, "fields": {"action_time": "2020-06-20T02:43:54.049Z", "user": 1, "content_type": 16, "object_id": "11", "object_repr": "\u4e0b\u5217\u54ea\u4e2a\u65f6Python\u4e2d\u4e0d\u53d8\u7684\u6570\u636e\u7ed3\u6784", "action_flag": 1, "change_message": "new through import_export"}}, {"model": "admin.logentry", "pk": 8, "fields": {"action_time": "2020-06-20T02:43:54.050Z", "user": 1, "content_type": 16, "object_id": "12", "object_repr": "\u89e3\u91ca\u578b\u8bed\u8a00\u7684\u7279\u6027\u6709\u4ec0\u4e48", "action_flag": 1, "change_message": "new through import_export"}}, {"model": "admin.logentry", "pk": 9, "fields": {"action_time": "2020-06-20T06:18:14.657Z", "user": 3, "content_type": 16, "object_id": "11", "object_repr": "\u4e0b\u5217\u54ea\u4e2a\u65f6Python\u4e2d\u4e0d\u53d8\u7684\u6570\u636e\u7ed3\u6784", "action_flag": 1, "change_message": "new through import_export"}}, {"model": "admin.logentry", "pk": 10, "fields": {"action_time": "2020-06-20T06:18:14.659Z", "user": 3, "content_type": 16, "object_id": "12", "object_repr": "\u89e3\u91ca\u578b\u8bed\u8a00\u7684\u7279\u6027\u6709\u4ec0\u4e48", "action_flag": 1, "change_message": "new through import_export"}}]